sub1,sub2,IES,own_drw,ctr_drw,photo,category
101,102,0.267576736846932,0.725783546120719,0.880570429209791,0.648410864077383,bathroom
101,103,0.16094320041027,0.615344386416247,0.93699396700707,0.904335570193094,bathroom
101,104,0.240142404582548,0.784281736095624,0.816662612265196,0.810129299768077,bathroom
101,105,-0.0203149190168481,0.580166833094748,0.782985102135235,0.756585877211583,bathroom
101,106,0.223630878388609,0.69201568403559,0.871004888680932,0.690341396579024,bathroom
101,109,0.582016683378183,0.750081813584779,0.933679028276954,0.848924247930483,bathroom
101,111,0.75695469571809,0.800953829563878,0.737794163860028,0.591345934459032,bathroom
101,112,0.496550214421745,0.719170702637527,0.943336482744657,0.691835643912827,bathroom
101,113,0.0940579078733927,0.737251579473184,0.933809373256989,0.600796888035123,bathroom
101,114,0.529430940448747,0.774256315816614,0.900345154576201,0.984998415748539,bathroom
101,116,0.191054677285905,0.735821113332623,0.9515202541498,0.427194738339164,bathroom
101,117,0.0795430858993453,0.759324359817456,0.912569218700893,0.954188908703088,bathroom
101,118,-0.148648293898635,0.731827569652584,0.967865562484333,0.6570900365523,bathroom
101,119,0.404191222068765,0.838529471183364,0.843152119566862,0.798538176230103,bathroom
101,120,0.47437654627678,0.666553726424686,1.03231192808073,0.798538176230103,bathroom
101,121,0.0296365249129564,0.776113951719705,0.770520168177576,0.849416335709076,bathroom
101,122,0.267267521273382,0.754410653376317,0.816320043980198,0.853450424690542,bathroom
101,123,0.285078756826812,0.721278059935344,0.872889769015288,0.676425012844631,bathroom
101,124,0.675771430728694,0.774599930807108,0.935721258017238,0.789167291308974,bathroom
101,125,0.395437566430008,0.76726457231635,0.785294531145485,0.555366050624671,bathroom
101,126,0.257808808626536,0.85213946001763,0.893394955623221,0.77174628117578,bathroom
101,127,-0.116587817033809,0.667266262659679,0.851383239208103,0.857837216249823,bathroom
101,129,0.187471959536639,0.667639740965913,0.872477028406333,0.57587205720944,bathroom
101,130,0.603037817796968,0.8323774811324,0.954992205274666,0.79716630888472,bathroom
101,131,0.164295624565017,0.720725424124938,0.861291023084776,0.745349447809435,bathroom
101,132,0.43162047091989,0.732007947738575,0.769816422954132,0.809963975763902,bathroom
101,134,0.210146628101747,0.807232677493182,0.931283136587876,0.858446233090606,bathroom
101,135,0.313508403946055,0.812486065770723,0.829374091809773,0.955346437089752,bathroom
101,136,0.514842293555888,0.774906973794448,0.910300394079025,0.91081095330014,bathroom
101,137,0.51955818160628,0.744220560901708,0.887294047319436,0.692547568668915,bathroom
101,138,-0.158283537509337,0.626152050510517,0.841952264514393,0.650023419029009,bathroom
101,139,0.0246388381834461,0.626823390881539,0.897840063615487,0.71204568645716,bathroom
101,140,-0.24757848543919,0.829994567705234,0.901196982708558,0.796912493542848,bathroom
101,141,0.477722478938027,0.71536805798602,0.836790128971109,0.917221916277935,bathroom
102,103,0.109584216869833,0.861017331682346,0.866863537276836,0.752800333058963,bathroom
102,104,0.279779597152982,0.805038994150342,0.843874115097389,0.686194015771686,bathroom
102,105,0.0204109972601276,0.616053704339574,0.855330656849446,0.561383433687242,bathroom
102,106,0.0970623707374352,0.780594498225013,0.853607726277395,0.598647389677504,bathroom
102,109,0.398236899916526,0.835739624224711,0.853434375436026,0.702265369057027,bathroom
102,111,0.387296944934058,0.809241517992421,0.777896963031183,0.433763540947981,bathroom
102,112,0.406106856526851,0.754649411453201,1.15310528904073,0.521386750085307,bathroom
102,113,-0.214565764474184,0.773191187150967,1.00129397133947,0.538609183393031,bathroom
102,114,0.280506020460872,0.704605690416647,0.946132015560246,0.631021705680818,bathroom
102,116,0.480718348937232,0.799606119302688,0.834290004350064,0.396626955119608,bathroom
102,117,0.198434504678533,0.742334703745024,0.948564859179693,0.580122460414084,bathroom
102,118,-0.0887315382995362,0.677405120232529,0.823618959028038,0.575803550894756,bathroom
102,119,0.10754354561175,0.778767680993971,0.892269456632322,0.616609956911292,bathroom
102,120,0.15395400843023,0.735789513512977,0.957569077856599,0.616609956911292,bathroom
102,121,0.631504971535949,0.592105797447468,0.984624501318358,0.492167619795747,bathroom
102,122,0.0329050279946112,0.691468988075341,0.786248992757664,0.668886388801658,bathroom
102,123,0.394766603848867,0.786433389100964,0.778439193467296,0.506489977526298,bathroom
102,124,0.296981031132228,0.948955826208459,0.9063204248029,0.549391978706354,bathroom
102,125,0.465936154564878,0.732123598591865,0.9345142327835,0.441744953042251,bathroom
102,126,0.191253858498343,0.833999085159936,0.836437068024005,0.568810354649035,bathroom
102,127,0.222016698789481,0.918343686055816,0.975692421584253,0.474905369076198,bathroom
102,129,0.222420136671497,0.80437875046437,0.976443604793279,0.499425070673327,bathroom
102,130,0.437040689208767,0.697130222620614,0.918738095194778,0.541970492063001,bathroom
102,131,0.0248310325546126,0.63165264540909,0.970326349111984,0.580660320611349,bathroom
102,132,0.167552951272896,0.775938016209688,0.858804868874883,0.642706674578696,bathroom
102,134,0.447254823491637,0.894521778241923,1.04626913209953,0.662076093213362,bathroom
102,135,0.3349138691074,0.845594867514148,0.767559310806223,0.737355111094673,bathroom
102,136,0.223731802602253,0.760288690803808,0.889998998409255,0.702754779294899,bathroom
102,137,0.328173633052023,0.831017076655042,0.837715707084418,0.435028459255075,bathroom
102,138,-0.0645794226059567,0.80351618121212,0.857718311607578,0.511582411909492,bathroom
102,139,0.0366550631475515,0.828943328951347,0.893994003123722,0.650506906253509,bathroom
102,140,0.195340402789651,0.850441357696434,1.01000248087438,0.559955807979184,bathroom
102,141,0.427026277116056,0.738565649546376,0.845767938527946,0.626825116007491,bathroom
103,104,-0.0220443864923246,0.776825646167571,0.908617888695253,0.775091237772555,bathroom
103,105,0.0334818936300853,0.564896253110714,0.908079094269574,0.686208239529192,bathroom
103,106,0.0996805831344724,0.783238162536822,0.93447691357595,0.647191897087038,bathroom
103,109,0.0149350839473751,0.675351565133133,0.832836785085579,0.800664160545864,bathroom
103,111,-0.0290597979465801,0.782092292373434,0.795029598022485,0.665253510077074,bathroom
103,112,-0.0478155189366101,0.672714628974464,1.04028139576629,0.55207786808015,bathroom
103,113,0.358252056029024,0.83478559215702,0.935955929795117,0.688112334243414,bathroom
103,114,0.14805928790819,0.650380318182296,0.97777613833051,0.87202323123743,bathroom
103,116,0.285286883233952,0.681541187988483,1.0665174162359,0.426562889598024,bathroom
103,117,0.0980319224706453,0.747322266077041,1.03606346790623,0.783597303939654,bathroom
103,118,-0.102009025997718,0.613073251741955,0.928107011702337,0.646752488234255,bathroom
103,119,0.0148390242459085,0.710523226163997,0.86116691044777,0.650350024805136,bathroom
103,120,0.0384823701969361,0.78525322811945,1.15772401239426,0.650350024805136,bathroom
103,121,-0.0255037273905243,0.58139228347126,0.853321238318683,0.896039326857638,bathroom
103,122,0.0605299991932805,0.637101513731771,1.02445810309714,0.803192437760043,bathroom
103,123,-0.0135902723999044,0.803347920005484,1.05971238180554,0.669565094470568,bathroom
103,124,-0.0182012893953687,0.880185210617338,1.01844961068071,0.686779143644394,bathroom
103,125,0.0742296739046056,0.693489083335168,0.894103362097052,0.636188261298633,bathroom
103,126,0.0480080370251729,0.729514576789264,1.11406633815749,0.849732642784397,bathroom
103,127,-0.245742467147258,0.879010969238208,0.928272641552677,0.716676946123566,bathroom
103,129,0.167059192094581,0.6796273229683,0.97873097969993,0.517753821367846,bathroom
103,130,0.045409337009014,0.671568501940922,1.03391159038008,0.759133799682172,bathroom
103,131,-0.0330011707365702,0.592361658610885,1.05976188494407,0.777165548723853,bathroom
103,132,0.178040111472231,0.733623884521497,0.800524382302001,0.694373088055207,bathroom
103,134,0.0953176346923855,0.707506009100433,1.03830083606168,0.868026413557252,bathroom
103,135,0.178535729636955,0.808807623287384,0.950863963707596,0.905256550833591,bathroom
103,136,0.273771641246591,0.695961770564484,0.961512119635001,0.987962661632909,bathroom
103,137,-0.213560696189834,0.828943772335478,0.882017466879313,0.650434530003581,bathroom
103,138,-0.0618795801772543,0.734115237236507,0.848702359439783,0.623323022839873,bathroom
103,139,-0.0803163122507335,0.892377699388574,0.884220643997863,0.646196395494072,bathroom
103,140,-0.106474979623363,0.758825867926799,1.03157838446159,0.74026954299579,bathroom
103,141,-0.00360145614702901,0.844739871692355,0.93221968155258,0.912795114048318,bathroom
104,105,-0.0928953473312591,0.640989152474758,0.747037445553984,0.822512155095124,bathroom
104,106,0.579108004759916,0.677043511554022,0.871546914271638,0.78535675131971,bathroom
104,109,0.713965162089275,0.782018051402075,0.778223664336789,0.860686885896472,bathroom
104,111,0.327853390825087,0.777104404819363,0.780925054893674,0.655563896813281,bathroom
104,112,0.3942077265107,0.683244191527759,0.862526830766444,0.857289218936156,bathroom
104,113,-0.0669907897298296,0.828779627631221,0.820134589550589,0.638995282573995,bathroom
104,114,0.260169197028461,0.821705392674407,0.894106396718094,0.756311276692182,bathroom
104,116,0.462506470552271,0.805715182211956,0.851041072654279,0.354594412413961,bathroom
104,117,0.300756544847915,0.806827704133595,0.931215383942651,0.845287274957462,bathroom
104,118,-0.0498371382530908,0.763538271484806,0.834487551437802,0.733149558948178,bathroom
104,119,-0.00177671255379196,0.76720594447717,0.749063887593784,0.693623539192886,bathroom
104,120,0.407460772362727,0.708598978689296,0.867015277088899,0.693623539192886,bathroom
104,121,0.116782520964147,0.704979716542114,0.729889238162265,0.587158176577458,bathroom
104,122,0.238414477320903,0.739488910872932,0.815259008732822,0.717913461280496,bathroom
104,123,0.157003752964559,0.697095411809795,0.83490772559332,0.740892211242808,bathroom
104,124,0.409720452942119,0.871123436225215,0.830393626708334,0.722827180749309,bathroom
104,125,0.124187942780127,0.758667654209356,0.824574353660258,0.463012251303713,bathroom
104,126,0.31732131221877,0.813157418919421,0.791956739007279,0.654167997927861,bathroom
104,127,-0.161140301860232,0.753386707611171,0.785035770602342,0.742543208171221,bathroom
104,129,-0.0739399744231532,0.706400770524759,0.919249390075515,0.742022000411131,bathroom
104,130,0.411078165579421,0.864360337067385,0.846203293620997,0.62684564526027,bathroom
104,131,0.378983914469386,0.639999053137761,0.898756776187291,0.628188741720033,bathroom
104,132,0.230909022329648,0.774541362113896,0.853794652483093,0.933249734245944,bathroom
104,134,0.53851195303773,0.808343685387632,0.883442365423881,0.697907482895085,bathroom
104,135,0.328066878424127,0.866914464059623,0.861680767387645,1.05536259997515,bathroom
104,136,0.281648126309707,0.826965835781913,0.900743672339427,0.729149725148592,bathroom
104,137,0.329562101674162,0.758860929839469,0.778710245130553,0.764128697125046,bathroom
104,138,0.0640008071279196,0.72916120941296,0.826830205181494,0.43347644665311,bathroom
104,139,0.131411523162384,0.792034698466399,0.794227703901631,0.744505856187197,bathroom
104,140,0.05879514649213,0.795779118627398,0.842789526507884,0.739905468247577,bathroom
104,141,0.383411243200403,0.796212872368203,0.881843522766309,0.964163778467288,bathroom
105,106,-0.0976440798320532,0.581957401641622,0.885046993687728,0.806380260497197,bathroom
105,109,0.0221404717893815,0.563647012823286,0.775789488974474,0.565769482305173,bathroom
105,111,0.0569642963060252,0.574419771276838,0.756495004595972,0.61156562401786,bathroom
105,112,0.0646758627069155,0.69177176504474,0.986309616125364,0.963638115640457,bathroom
105,113,0.0255998285224549,0.595448360393903,0.889485947251984,0.710591044413898,bathroom
105,114,-0.0332896026288019,0.557334736466356,0.897187118881876,0.867644657944999,bathroom
105,116,-0.131313817938961,0.580643907953903,0.837221269301945,0.4669485259123,bathroom
105,117,0.0653509771545875,0.521800742730272,0.866111388345529,0.994999255500824,bathroom
105,118,-0.146096668615166,0.565199868377547,0.848007859674992,0.70426553087788,bathroom
105,119,-0.0723951185338473,0.629657491297044,0.85925139299146,0.827687518676063,bathroom
105,120,-0.10443566039895,0.606460483686476,0.968927355726241,0.827687518676063,bathroom
105,121,0.0273297314610867,0.417503967407006,0.855662444579708,0.800146470825051,bathroom
105,122,0.110847944194197,0.523573971329492,0.919924316322757,0.878601186463322,bathroom
105,123,0.246456280631648,0.667023507710574,0.809926269728488,0.688629142265396,bathroom
105,124,-0.0389632826704581,0.602891958162876,0.834705372863561,0.912988779517254,bathroom
105,125,-0.133659435813844,0.60547774066576,0.879123017796607,0.576187951568936,bathroom
105,126,0.0985167671272865,0.595194156712923,0.855719597392437,0.658885740752307,bathroom
105,127,-0.0323281842502813,0.580132712699019,0.844369127332696,0.95114349501074,bathroom
105,129,-0.0290597979465801,0.540158747906586,0.885160842324582,0.655414744439793,bathroom
105,130,0.14158685658211,0.521982363479925,0.875760726678094,0.677567012254928,bathroom
105,131,-0.168935908487818,0.551722257688997,0.960307042760429,0.690266030394954,bathroom
105,132,0.271601114334842,0.544962643224111,0.830863248335886,1.04925623362188,bathroom
105,134,0.0351164685155639,0.617635531677782,0.96251599379135,0.71064117455927,bathroom
105,135,-0.0446394710852775,0.661436738362611,0.876425234337463,0.865071730942885,bathroom
105,136,-0.0455055740130699,0.525040974547873,0.873083445140905,0.801359275944886,bathroom
105,137,-0.056578903176256,0.588425272899218,0.849810771624103,0.590666296955668,bathroom
105,138,-0.101911985707613,0.499090877706731,0.860857128130829,0.591745217798714,bathroom
105,139,-0.14756852749506,0.715409966467504,0.79890229307561,0.752560934115903,bathroom
105,140,0.0323281842502813,0.529172944998189,0.941332792994453,0.804085614364964,bathroom
105,141,0.133268398639637,0.632347297875187,0.902830385818767,0.885721005572344,bathroom
106,109,0.549338157651606,0.653168703815673,0.844274263482756,0.607808112631305,bathroom
106,111,0.187471959536639,0.81508460121936,0.82700088051053,0.627726256538525,bathroom
106,112,0.174573192532797,0.723049209151334,0.961342186020482,0.797726066242021,bathroom
106,113,-0.133854969632433,0.803564492319873,0.874334302797837,0.543278552882514,bathroom
106,114,0.388186668501188,0.800264421130778,0.953123036834817,0.716817641171508,bathroom
106,116,0.432426218199421,0.608263451068906,0.875482140412613,0.570643984755048,bathroom
106,117,0.281128898699131,0.679132313891421,0.945053274521206,0.906542687325056,bathroom
106,118,0.0877636555125204,0.700753666302431,0.928643828410015,0.667959504096059,bathroom
106,119,-0.050029694396589,0.912062095421479,0.946217111250737,0.695978404442501,bathroom
106,120,0.323163919203739,0.695235437831165,0.981243350391748,0.695978404442501,bathroom
106,121,0.0157996338757414,0.703825976801136,0.908996868691912,0.576045590261665,bathroom
106,122,0.175167224280119,0.769757089126605,0.929247723745305,0.766878976466445,bathroom
106,123,0.33223569029164,0.818061009337919,0.87640712251665,0.607856517031697,bathroom
106,124,0.306856924375316,1.0301323732902,0.953520490014453,0.763116116591827,bathroom
106,125,0.118924849351953,0.755205589769277,0.998268866330029,0.464462560806416,bathroom
106,126,0.524795308110611,0.861191244566868,0.850648021024811,0.5737029618616,bathroom
106,127,-0.476406821746761,0.794911086466826,0.894438706524924,0.655163096702463,bathroom
106,129,-0.0414643229659849,0.728995676697608,0.930001840549847,0.647862022070604,bathroom
106,130,0.400031588639711,0.808591471346076,0.87939233954032,0.649276793060441,bathroom
106,131,-0.0313668256107729,0.70543340407843,1.02362626798057,0.564374755660449,bathroom
106,132,0.157397478305936,0.804215120509573,0.903089528466385,0.832512914140035,bathroom
106,134,0.404191222068765,0.787752060747828,0.99070401050866,0.744945507506701,bathroom
106,135,0.527423793427983,0.794406852165543,0.93470587975998,0.818670515479666,bathroom
106,136,0.248599202154912,0.784985492377599,0.988884019007951,0.677139084803094,bathroom
106,137,0.171407071573249,0.805686068969499,0.963905263736065,0.549848375730783,bathroom
106,138,0.108320838068605,0.718725657245917,0.796664813816607,0.470719773828913,bathroom
106,139,0.27408192164826,0.803538140421154,0.806065381747764,0.670205909494516,bathroom
106,140,0.0485856126843363,0.902667548988946,0.97803308137543,0.825347414647453,bathroom
106,141,0.280921249021737,0.725690123352012,0.893157928519466,0.778451422415906,bathroom
109,111,0.624962606059242,0.714972521378624,0.80450541125594,0.518391900634449,bathroom
109,112,0.440976798502549,0.681664738150559,0.917746906510987,0.641900087282832,bathroom
109,113,-0.0399251618835055,0.680752730237341,0.838224399799687,0.465835054896744,bathroom
109,114,0.50817676933064,0.690887075970981,0.827062129875996,0.676731557215844,bathroom
109,116,0.473541608574492,0.907956997583387,0.903877998429539,0.308700909378229,bathroom
109,117,0.217885532941792,0.691648205389965,0.918079280415885,0.669885668436121,bathroom
109,118,-0.150415928045186,0.739699726316793,0.941470071576701,0.595747075363926,bathroom
109,119,0.109584216869833,0.735852419978033,0.743088329761962,0.695153466355678,bathroom
109,120,0.619293964544372,0.64450101292995,0.89379195845438,0.695153466355678,bathroom
109,121,0.187074174899954,0.593000701707406,0.798245605253302,0.597792870443166,bathroom
109,122,0.370061629782573,0.689292171725897,0.758675129742634,0.699452744553223,bathroom
109,123,0.408251210877535,0.674152077028993,0.838277163426809,0.494391195376287,bathroom
109,124,0.494361290145511,0.866099604012036,0.835949761149808,0.650929058045664,bathroom
109,125,0.261299079995629,0.706178217058214,0.84187204361067,0.391270191785915,bathroom
109,126,0.556148305648076,0.757875955899425,0.791166941678459,0.560187347856919,bathroom
109,127,-0.178337471969366,0.728452509704805,0.85642178553304,0.628932326381753,bathroom
109,129,0.0687274542462014,0.729993574549993,0.895962160272868,0.565949378409786,bathroom
109,130,0.847749555855168,0.736837980491205,0.796506141904947,0.618676453612541,bathroom
109,131,0.526672116994139,0.740664787452418,0.815927859411523,0.572164455116489,bathroom
109,132,0.451107716239206,0.715616191444647,0.688425751692824,0.682296826384809,bathroom
109,134,0.261299079995629,0.79686662472872,0.84943298000406,0.701988485406789,bathroom
109,135,0.378210592427044,0.822657654910019,0.788521826121144,0.929474561394744,bathroom
109,136,0.337489285962891,0.797895839362201,0.831157817784861,0.742360429849884,bathroom
109,137,0.467121177227681,0.681898844131398,0.737393557885619,0.606515312710519,bathroom
109,138,-0.288724460480783,0.739634247247366,0.851897479324252,0.43337395738099,bathroom
109,139,0.0564825575215228,0.703912208293493,0.785296308794291,0.603464009824561,bathroom
109,140,0.10249425620497,0.77814907220399,0.872494569426414,0.596723002701376,bathroom
109,141,0.588393893637946,0.694686345835376,0.775318068927823,0.85114162584491,bathroom
111,112,0.699171349818033,0.76203413372776,0.823839528228636,0.48495463082527,bathroom
111,113,0.019642381714501,0.778951006893906,0.75571928938928,0.632342264105645,bathroom
111,114,0.638517889262459,0.850818077299566,0.822305163932829,0.667239527348282,bathroom
111,116,0.235165686367384,0.659981558272768,0.780232608801656,0.527693937255126,bathroom
111,117,0.228783778775422,0.806846532744504,0.883647916963893,0.633317783060197,bathroom
111,118,-0.113765591113945,0.63585518212845,0.814014571567177,0.458695528088337,bathroom
111,119,0.327639932080622,0.907993896751871,0.698661940286447,0.484118308474612,bathroom
111,120,0.389633719695999,0.652187241489832,0.761283508279558,0.484118308474612,bathroom
111,121,0.18270237527913,0.815208303391415,0.774634888541785,0.557900767410639,bathroom
111,122,0.266443190260716,0.845045192738183,0.761067642214885,0.623248789337805,bathroom
111,123,0.411304590540237,0.805829712437292,0.711943160768668,0.595798440929612,bathroom
111,124,0.679159005617498,0.954192883061798,0.80112038103505,0.598075951433808,bathroom
111,125,0.407122160767839,0.799467389654338,0.842909730541991,0.691513881746997,bathroom
111,126,0.590128465785139,1.04102023924906,0.729425003402705,0.47237450031826,bathroom
111,127,0.0465642370462215,0.862620641450084,0.799714925944274,0.568502209182757,bathroom
111,129,0.182503822356895,0.762980595951076,0.850338504756748,0.44498432444445,bathroom
111,130,0.802618656785552,0.871325682281224,0.697750043378911,0.568103191655638,bathroom
111,131,0.247680534328876,0.79754591676853,0.837524576005743,0.476438274536242,bathroom
111,132,0.29939220955583,0.916079165713437,0.723637459207711,0.591878903488129,bathroom
111,134,0.278534968854183,0.899497178376631,0.862276690263736,0.648106184290151,bathroom
111,135,0.392755740010046,0.879952347932307,0.818747695584928,0.714901851991396,bathroom
111,136,0.390302113619658,0.883488277505674,0.793222382454176,0.54190106667088,bathroom
111,137,0.501063561111527,0.862163430281455,0.728615693577912,0.606013031875281,bathroom
111,138,-0.130923021953162,0.867520724828866,0.748330067630517,0.432321845979306,bathroom
111,139,-0.0597589092391524,0.712109342707251,0.723176234126019,0.391295555631354,bathroom
111,140,-0.122627806912729,1.05142445846579,0.851624933367747,0.6768637241534,bathroom
111,141,0.458263018928527,0.825630735072795,0.816916561362453,0.709560584889751,bathroom
112,113,-0.0698854599410077,0.660118420397266,1.04618241011168,0.525097237655438,bathroom
112,114,0.527799836554532,0.782775064147438,1.06716000420024,0.776948101330935,bathroom
112,116,0.181312803075721,0.659030033988964,1.00487777664681,0.370082086813716,bathroom
112,117,0.203533002476057,0.642942734204526,1.03758074757229,0.903601089513841,bathroom
112,118,-0.136006516675016,0.589912399717382,0.967261335778953,0.824713647659359,bathroom
112,119,0.284558545963934,0.822888271447002,0.937936189546856,0.846759071352405,bathroom
112,120,0.606565121880804,0.62544564035581,1.19790874943692,0.846759071352405,bathroom
112,121,0.216476572896832,0.597965032297417,1.09341246298025,0.55840993548082,bathroom
112,122,0.122237866030282,0.656831299361309,1.01138826552723,0.77857507010987,bathroom
112,123,0.146881581402579,0.829757278118764,0.953207429742292,0.672056033089631,bathroom
112,124,0.631085944828014,0.728121478546718,1.03462968146425,0.936282283600656,bathroom
112,125,0.254324672171698,0.736772441608182,0.998825255432112,0.290718996311411,bathroom
112,126,0.508053726890185,0.753217851829323,1.0271726309277,0.511914199973569,bathroom
112,127,0.098225854807594,0.851494586835297,1.04164779002625,1.04281513088796,bathroom
112,129,0.212857401307601,0.776102896453353,1.0164115739554,0.741878995304065,bathroom
112,130,0.432656528852136,0.697058356744757,1.01415216491698,0.554609375963126,bathroom
112,131,0.168145569170987,0.662960159862086,1.09637634908561,0.645658098694086,bathroom
112,132,0.157003752964559,0.743276031027395,0.870331809299711,1.17712204731215,bathroom
112,134,0.439238702425795,0.800990446372653,1.14984442203676,0.620668925806748,bathroom
112,135,0.272634385875562,0.752381232363898,0.859884511706483,0.888337553904255,bathroom
112,136,0.300021767985308,0.691154892856685,1.01411996923054,0.77003842720333,bathroom
112,137,0.381195796367465,0.792091775359405,1.01547588534736,0.575926114502492,bathroom
112,138,-0.264795587760991,0.658546080153047,0.928813289138329,0.502035363569751,bathroom
112,139,-0.00177671255379196,0.83223116140205,0.934312218693147,0.836696022456195,bathroom
112,140,-0.243602495802141,0.785036711390736,1.16799300025284,0.657246173005024,bathroom
112,141,0.446206197206681,0.706504876592378,0.927169834502692,0.918399118533094,bathroom
113,114,0.19334616984448,0.775134369757862,0.873313828175966,0.699067800276925,bathroom
113,116,-0.194741972487637,0.760918901723077,0.91733298204073,0.512904050874944,bathroom
113,117,-0.115225135044085,0.798788920100403,0.930982591418534,0.605765702450814,bathroom
113,118,0.153560701067448,0.735942028545697,0.821434875175168,0.45367102972667,bathroom
113,119,0.0986137415918275,0.834611757561249,0.90091782733394,0.627286533478158,bathroom
113,120,-0.0649651902254641,0.957755506441078,1.0180641650459,0.627286533478158,bathroom
113,121,-0.121263175366825,0.838797819315782,0.852345808293457,0.689507920129003,bathroom
113,122,0.140607225448947,0.744095008014677,0.892166193592303,0.709455900418659,bathroom
113,123,-0.022620904441508,0.757570032685774,0.858396597029736,0.640630525125101,bathroom
113,124,0.0215639660761586,1.0087188638563,0.879339322839225,0.606885451649165,bathroom
113,125,-0.224438397764138,0.766393476204911,0.850811109802813,0.767610096838603,bathroom
113,126,0.125065783113437,0.821567213364276,0.968410929790185,0.658850588015595,bathroom
113,127,-0.0758715406786123,0.769843068296292,0.902823871614809,0.661320746770715,bathroom
113,129,-0.192847849455078,0.673685641200678,0.920954853837954,0.369379590460589,bathroom
113,130,-0.11532245528518,0.940335366396674,0.999848774333786,0.617628871699757,bathroom
113,131,-0.00648268384769488,0.720008600081322,0.934861914226602,0.573622226829319,bathroom
113,132,0.122530318217914,0.743514411346106,0.81812272390083,0.649767834134171,bathroom
113,134,-0.123115285215957,0.727151142133657,1.00527711059968,0.529325119643585,bathroom
113,135,-0.0533037277474429,0.842520720939119,0.894390131136897,0.651510160469182,bathroom
113,136,0.00446581600230817,0.761011709216806,0.908379474157409,0.606085962019119,bathroom
113,137,-0.143056810208075,0.840674520028276,0.929033982711778,0.520375835893342,bathroom
113,138,-0.299602036735373,0.634831452583253,0.892378062647411,0.524255937191742,bathroom
113,139,0.02588813476186,0.774190249625468,0.952150370613402,0.517681808861118,bathroom
113,140,-0.305698265270626,0.841846094999539,1.02778935578067,0.640642614272059,bathroom
113,141,-0.311182638368647,0.873971920841802,0.882699100802687,0.721061431077367,bathroom
114,116,0.193545524546728,0.68000754885905,0.918061816122107,0.494289749774334,bathroom
114,117,0.227873582647537,0.816062050387912,1.0345888185722,0.916090315756893,bathroom
114,118,0.215571259900429,0.64434652128875,0.901100485541959,0.651096238321379,bathroom
114,119,0.151987941648164,0.906543552298615,0.893864396602845,0.777698047898661,bathroom
114,120,0.509900856054186,0.65665632287459,1.08914000229085,0.777698047898661,bathroom
114,121,0.0056183064128077,0.856677149973758,0.963109911247403,0.939137635792097,bathroom
114,122,0.234455664923563,0.908174953976203,0.92164105294149,0.893706061607683,bathroom
114,123,0.188765165388305,0.660296696104273,0.90197459698818,0.840962589043487,bathroom
114,124,0.719834410855633,0.928182872599556,1.01789800208897,0.868147158184883,bathroom
114,125,0.196737278388127,0.72043557601029,0.913010356682239,0.793929288191327,bathroom
114,126,0.709514261957161,1.00412896714906,0.895881716471272,0.735819837539265,bathroom
114,127,-0.075581770065436,0.725928935041456,0.947029986399949,0.949344520287966,bathroom
114,129,0.140901086554451,0.678999884177433,0.93023762458954,0.605595206777304,bathroom
114,130,0.580164682483724,0.913896724325544,0.895656620317195,0.84510468580414,bathroom
114,131,0.0957053034468335,0.776296334902221,1.07627330329569,0.875224935383051,bathroom
114,132,0.270052267043524,0.866201702459007,0.889700024889038,0.887389263003641,bathroom
114,134,0.251255448628818,0.910818537466971,1.08554535114462,0.80193135155623,bathroom
114,135,0.471873574792324,0.809739172237034,0.853475072454978,0.994726065067432,bathroom
114,136,0.351732552314707,0.994295386701395,1.00943911215462,0.99320306510855,bathroom
114,137,0.608606249523446,0.720123888359746,0.920870703955787,0.615458947580972,bathroom
114,138,-0.158677420650616,0.730128715693115,0.826028648656581,0.725470273696958,bathroom
114,139,0.11016743207429,0.713725948668396,0.810658150161645,0.767616125985097,bathroom
114,140,-0.30601418414043,0.848405171831849,0.970544731679489,0.841026707499737,bathroom
114,141,0.369951832154108,0.781849812426041,0.893084472441634,0.889996464201003,bathroom
116,117,0.266237162813877,0.780663612267218,0.98539725009822,0.577854484709331,bathroom
116,118,-0.14384103622589,0.755487247798568,0.980878441213518,0.302164716974647,bathroom
116,119,0.0839904624046519,0.695979245490122,0.816952659932579,0.526707927668521,bathroom
116,120,0.356075664607966,0.805684994701747,1.07376408886366,0.526707927668521,bathroom
116,121,0.267267521273382,0.648125886305285,0.761967884891941,0.344080410939332,bathroom
116,122,0.0972562664738656,0.638447463803607,0.979407600799715,0.540314417457567,bathroom
116,123,0.251971184190374,0.659317081770774,1.04376152667934,0.309087343164805,bathroom
116,124,0.194343095489527,0.821387585925267,0.923376770679862,0.523459210908704,bathroom
116,125,0.111042394982984,0.748209342542587,0.842598867613243,0.579666139981572,bathroom
116,126,0.216375965333579,0.67803686617817,1.02680267096182,0.438172669834721,bathroom
116,127,-0.108806712013039,0.70484652108932,0.894754285666133,0.360469399617081,bathroom
116,129,0.0767409290216627,0.7898893615179,0.955838159453968,0.231055837665735,bathroom
116,130,0.512245166472541,0.776054027881703,0.934010852770158,0.530086135048967,bathroom
116,131,0.302647421918675,0.678945031742511,0.846764523375628,0.260789394318138,bathroom
116,132,0.153069133129826,0.656344914524875,0.741772598824716,0.466048965841037,bathroom
116,134,0.349890591196096,0.762747705961392,0.941157725044164,0.399152024542451,bathroom
116,135,0.180023106027995,0.831363864324984,0.928460250733802,0.407053243193931,bathroom
116,136,0.157003752964559,0.739336602409909,0.876715915358264,0.44778030333497,bathroom
116,137,0.0819597376561888,0.674695573334833,0.901537956367179,0.441549455411758,bathroom
116,138,-0.0483930838846649,0.689852472674636,0.894389402531711,0.330951900999213,bathroom
116,139,-0.110653501753454,0.668971005252116,0.871128136237127,0.345310209108208,bathroom
116,140,0.0552301586727979,0.780126973078989,0.944301904488846,0.783188002578294,bathroom
116,141,0.387074605348936,0.712743126304925,0.895930517129872,0.455327226163436,bathroom
117,118,-0.0669907897298296,0.622920138794478,0.911509791118531,0.769847577598912,bathroom
117,119,0.148550119133841,0.790993720096065,0.812591446622473,0.871128253737822,bathroom
117,120,0.11795093019333,0.71607677371891,1.07102325052304,0.871128253737822,bathroom
117,121,0.206737381231527,0.764918428980663,0.929491296202549,0.822159074488638,bathroom
117,122,0.0231013475345937,0.793219423865117,0.983696176145609,0.906821758937013,bathroom
117,123,-0.00984425556289727,0.663084731459372,0.887047652353602,0.663079158607658,bathroom
117,124,0.310020979067663,0.84599426335129,0.968172006317321,0.911470588777961,bathroom
117,125,-0.0146469056626983,0.755024275702217,0.917302609739874,0.535894349723654,bathroom
117,126,0.22383273129927,0.859343736218261,0.944402961799119,0.862072231865632,bathroom
117,127,-0.104726938340199,0.769555654527905,0.967363330841339,0.967036326184267,bathroom
117,129,0.175761378427411,0.716726876661163,0.970507809285806,0.652708697291456,bathroom
117,130,0.378983914469386,0.810335303636135,0.935700373564105,0.7943000776563,bathroom
117,131,0.107640700070631,0.7264635133344,1.06102629780141,0.707824949625523,bathroom
117,132,0.0490669504610874,0.702242864674065,0.787421995117612,1.04198185650803,bathroom
117,134,0.265516240495302,0.773089087968061,1.04466294673797,0.932772957307941,bathroom
117,135,0.085247923089214,0.839575901421521,0.931561389861052,0.992940868259396,bathroom
117,136,0.109389828320083,0.799917661536891,0.981190656473802,0.947203298852591,bathroom
117,137,0.29771451175476,0.793781974935881,0.878742386280791,0.739682074048717,bathroom
117,138,0.0817663707325106,0.70587173694174,0.917048388279557,0.653286987296063,bathroom
117,139,0.267473659438245,0.713304675936995,0.854395896980854,0.83617227221992,bathroom
117,140,0.10929263713385,0.826729299836583,1.06793931865876,0.991386262301729,bathroom
117,141,0.240447478759901,0.793076368742536,0.942017902061331,0.980036303070841,bathroom
118,119,0.0592770141170443,0.754146958449706,0.89466559818304,0.527205383657761,bathroom
118,120,-0.0728778486003158,0.692713986015549,0.986236085721765,0.527205383657761,bathroom
118,121,-0.13757206347335,0.677565366669448,0.814365751669948,0.602920443129374,bathroom
118,122,0.166071915562068,0.625604123028387,0.849387380107965,0.665627195072159,bathroom
118,123,0.0433885513266558,0.675291842276829,0.985015757408874,0.664094372076054,bathroom
118,124,0.0229091690302277,0.741774180823992,0.896518095848893,0.608515931794737,bathroom
118,125,0.00917192585252729,0.747512070752904,0.937175072399358,0.300432262012386,bathroom
118,126,0.014454788160626,0.653695104158539,0.880166883438369,0.596602312312201,bathroom
118,127,0.102688361742862,0.564063894371774,0.874928603177188,0.739453123155684,bathroom
118,129,-0.0124376160929808,0.57177035196043,0.926495264049165,0.746168387706146,bathroom
118,130,-0.098225854807594,0.797723089972061,0.849267238136985,0.496818937990365,bathroom
118,131,-0.0904741464821721,0.700554620060998,0.844212008736697,0.747254959119217,bathroom
118,132,0.14590046838131,0.665843945558846,0.824960121403087,0.779600777310163,bathroom
118,134,-0.094542382748228,0.665644143637959,0.934924363759835,0.748859941373038,bathroom
118,135,0.0541705718979821,0.758836982483708,0.864113627951734,0.826029973554292,bathroom
118,136,-0.171407071573249,0.720204445913751,0.866663602991462,0.818843471305393,bathroom
118,137,0.124675608259901,0.684516287014574,0.873108659902768,0.556040326965083,bathroom
118,138,0.243195130737005,0.555034439830843,0.836895901230955,0.634735375094019,bathroom
118,139,-0.0746159592352815,0.646307744582297,0.786992505350283,0.826957544686249,bathroom
118,140,-0.128090932279587,0.73368573977577,0.852856954372454,0.62338540431836,bathroom
118,141,-0.0503185355668973,0.797543260018514,0.835718255853201,0.782763391272888,bathroom
119,120,0.298658015870747,0.712438375932363,0.985047112283879,3.8002011672502,bathroom
119,121,0.183794671500897,0.861315361413804,0.896104937317652,0.722052056529135,bathroom
119,122,0.0504148178188769,0.864483374280365,0.79191032581587,0.882579677828163,bathroom
119,123,0.106474979623363,0.76345248048576,0.87104072109112,0.560653485084849,bathroom
119,124,0.152675931633882,0.939868394850822,0.937175330786662,0.930182635147243,bathroom
119,125,0.207038005492436,0.856391281410296,0.852165550720284,0.447878196215497,bathroom
119,126,0.0299248957633329,1.02152882097095,0.798598619584618,0.553900781690924,bathroom
119,127,0.139627862353037,0.781256898556611,0.887610881680253,0.895776824825497,bathroom
119,129,0.111042394982984,0.735289284318836,0.807872816472277,0.497027260613999,bathroom
119,130,0.157495917199651,0.90728535449531,0.89708971125346,0.707696410688368,bathroom
119,131,0.0514739846262212,0.87551240595348,0.919562090860766,0.601587041054918,bathroom
119,132,0.170813804436748,0.868405564144415,0.977524781631917,0.957535526197174,bathroom
119,134,0.174078259247008,0.873139060196656,0.93727610930793,0.589234870504194,bathroom
119,135,-0.0300210204834335,0.911673344818431,0.79976789627629,0.846893566556147,bathroom
119,136,0.233948648886533,0.878155089709612,0.891240531460306,0.762869169755641,bathroom
119,137,0.185483620094362,0.828003180019672,0.966115332330329,0.601873628082444,bathroom
119,138,-0.116782520964147,0.725534410503554,0.779434313887759,0.527339341521503,bathroom
119,139,0.107252094361751,0.758543510206942,0.857433758382836,0.666338330523227,bathroom
119,140,-0.194143679898564,0.956944918206409,0.902541606976581,0.725403429586352,bathroom
119,141,0.132290982670576,0.818389958053373,0.821546691712728,0.899449962867198,bathroom
120,121,0.0683414933934337,0.638900852127369,0.95993135022267,0.722052056529135,bathroom
120,122,0.27284110831341,0.576934325215672,1.07339035385818,0.882579677828163,bathroom
120,123,0.107057803614986,0.765153192885463,1.07364648727928,0.560653485084849,bathroom
120,124,0.456851964916846,0.78569554821319,1.11041605579903,0.930182635147243,bathroom
120,125,0.0459867717041953,0.775197524299647,0.936424096255947,0.447878196215497,bathroom
120,126,0.251868920788379,0.662442652564257,1.16186337102294,0.553900781690924,bathroom
120,127,-0.0990986416838162,0.723431986803395,0.980874994426723,0.895776824825497,bathroom
120,129,0.0556154935485078,0.630364538167149,0.986080017071108,0.497027260613999,bathroom
120,130,0.421193213729041,0.765565652995096,1.10661197115661,0.707696410688368,bathroom
120,131,0.356619458307994,0.572713344159086,1.11324421168164,0.601587041054918,bathroom
120,132,0.111625797590062,0.624684364641087,0.87966675846686,0.957535526197174,bathroom
120,134,0.255758580078418,0.639702081719562,1.11060759783881,0.589234870504194,bathroom
120,135,0.214967911258595,0.740778738084232,0.923099540863907,0.846893566556147,bathroom
120,136,0.200932480106965,0.607208041619058,1.00878114368076,0.762869169755641,bathroom
120,137,0.393425691495776,0.750728961514278,1.03912829249171,0.601873628082444,bathroom
120,138,-0.120678471122181,0.513091352516582,0.960276295170895,0.527339341521503,bathroom
120,139,0.0655438778965954,0.760816887023663,0.945072356992369,0.666338330523227,bathroom
120,140,-0.104144400113719,0.685362160393427,1.15446200936306,0.725403429586352,bathroom
120,141,0.375011414475974,0.830892033120802,0.982961781576395,0.899449962867198,bathroom
121,122,-0.0116691971036215,0.786977728589091,0.799950923060133,0.833932902109101,bathroom
121,123,0.400480643153066,0.534890261957805,0.780872031476986,0.70387097832497,bathroom
121,124,0.0443507850453519,0.797407778169892,0.933529432165752,0.672821626160402,bathroom
121,125,0.268092207258516,0.715963973497819,0.965927780391213,0.694765471875917,bathroom
121,126,0.129555548278826,0.875185700893181,0.795189231414548,0.844296902894618,bathroom
121,127,0.275220057613588,0.618988603615423,0.939566895646299,0.909194436902435,bathroom
121,129,0.0729743986752051,0.602360399273629,0.827635179791746,0.494519797154356,bathroom
121,130,0.233137668760684,1.06118261494607,0.832963943817178,0.84105747283987,bathroom
121,131,-0.0921204462416136,0.813295017979661,1.02466368626228,0.955383993927767,bathroom
121,132,0.0992926147146557,0.76192020545142,0.806194907850366,0.656102715886037,bathroom
121,134,0.297400124852209,0.704559798915513,1.01852582199632,0.683415123181083,bathroom
121,135,0.00811542425465964,0.75026248963705,0.73100929806058,0.725787907406678,bathroom
121,136,0.0602408320846414,0.912482345915092,0.85734096855914,0.874210262646628,bathroom
121,137,0.303278180717071,0.696633184069037,0.830431945113535,0.553290591470431,bathroom
121,138,-0.125943815242263,0.662595536442192,0.753726033986899,0.792861097410206,bathroom
121,139,-0.0347318461078696,0.51177990142651,0.754268397782303,0.645086145059267,bathroom
121,140,0.0862153833705688,0.948198409594134,0.98659102532456,0.700258676711356,bathroom
121,141,0.348699949487127,0.732198233515796,0.761207897678334,0.745240995195796,bathroom
122,123,0.290602300353239,0.631133591766386,0.847990906770245,0.673871402043127,bathroom
122,124,0.287994724880022,0.898301627740955,0.905660974297776,0.85187391485017,bathroom
122,125,-0.00859564986610726,0.668310856932132,0.907913414514515,0.622758606106632,bathroom
122,126,0.151005346272952,0.971828783212053,1.07820036302217,0.796599748993401,bathroom
122,127,-0.0663155297202248,0.662206912414058,0.849204439406418,0.854206519741492,bathroom
122,129,0.0265608661364854,0.673200269561539,0.882098130391871,0.561637277593653,bathroom
122,130,0.500208241258632,0.841832556960873,0.908032036208502,0.77608781195388,bathroom
122,131,0.261401828945582,0.821305851773694,0.913628148081197,0.708294913745017,bathroom
122,132,0.369842043059071,0.83452552589395,0.720185388564918,0.88287660064124,bathroom
122,134,-0.0662190689483166,0.851851494996083,0.988456997628068,0.781389322608756,bathroom
122,135,0.175365262039973,0.862267057827313,0.952532714039245,0.807537601380924,bathroom
122,136,-0.0469492311583334,0.910452727059356,0.914194765001826,0.872605829589009,bathroom
122,137,0.167454192969142,0.656388528158926,0.936172621613255,0.609638267623531,bathroom
122,138,0.11016743207429,0.704591809384125,0.825858860641519,0.629777168746106,bathroom
122,139,-0.237703384354097,0.638038939852381,0.803574026364759,0.761273169667733,bathroom
122,140,0.156708490646385,0.883501908229695,1.05223626943954,0.795447131204145,bathroom
122,141,0.3336277672456,0.684833804765002,0.930478351323182,0.927743251098963,bathroom
123,124,0.240142404582548,0.83201963957401,0.90440997250287,0.623829072924589,bathroom
123,125,0.289037295892413,0.741518629969183,0.879820541392323,0.526002522939425,bathroom
123,126,0.321462067058782,0.767863565855053,0.914674823076071,0.643496949771811,bathroom
123,127,-0.172989702799919,0.831084219926491,0.877074013366853,0.860684801547919,bathroom
123,129,0.00216086770901402,0.759938714915821,0.91389572524342,0.578281454982042,bathroom
123,130,0.404529070393292,0.727699550679245,0.928861021338864,0.623256263962904,bathroom
123,131,-0.134539418231472,0.619150149797205,0.863541171435241,0.886158823003038,bathroom
123,132,0.449822028020799,0.700492510151542,0.816878174476161,0.744216990402326,bathroom
123,134,0.204834280561896,0.735566387668143,0.906696669581102,0.645760039562204,bathroom
123,135,0.255348787297467,0.743737896120725,0.891407500743538,0.763117843768876,bathroom
123,136,0.0363665636597677,0.660967754575198,0.827224233100514,0.759159373485373,bathroom
123,137,0.221210036159795,0.856412921937765,0.873410128009279,0.472317580388485,bathroom
123,138,-0.0621688052268772,0.685024151623281,0.78323878825357,0.74164941031779,bathroom
123,139,-0.136202173637919,0.928041739803983,0.821360047638748,0.672246708235535,bathroom
123,140,0.116977233709213,0.812951393410825,0.858417028202618,0.574809492515306,bathroom
123,141,0.31965581960087,0.779954580279148,0.811954076640585,0.790428812091565,bathroom
124,125,0.30359364792916,0.81338195288809,0.911182301939588,0.502378102152481,bathroom
124,126,0.481078392068061,1.05898646673714,0.979185880260609,0.6222928905705,bathroom
124,127,-0.0127257769518594,0.917210998913712,0.949716197679563,0.900314537050175,bathroom
124,129,0.153265751483659,0.862171088691645,0.910957305073592,0.573790629343059,bathroom
124,130,0.711813425172307,0.934288547070622,0.935232703586492,0.696870206174392,bathroom
124,131,0.223429043402022,0.834435395615565,1.02227778116609,0.565276271544571,bathroom
124,132,0.224034602152846,0.95212976668346,0.822623035665518,0.941524288656588,bathroom
124,134,0.276255330516548,0.99782680992974,1.03087320392728,0.592462942369137,bathroom
124,135,0.502041899721821,0.979318325999646,0.800797881132379,0.801256532223667,bathroom
124,136,0.281648126309707,0.989171692077884,0.971253575932313,0.762138844763187,bathroom
124,137,0.648287815448728,0.888553931660757,0.944263913968183,0.584202697034452,bathroom
124,138,-0.10589222768637,0.980065908590664,0.806745186606917,0.485870813096922,bathroom
124,139,-0.0492594919205548,0.861235163946935,0.844239513357779,0.697314688143013,bathroom
124,140,-0.195240654822377,1.06469081073633,1.00782171520318,0.772254789943757,bathroom
124,141,0.510024111965182,0.829313647822373,0.873224258641054,0.854939973223947,bathroom
125,126,0.317533401558562,0.846408751202282,0.844113543936305,0.624626625856699,bathroom
125,127,0.20563540699563,0.819703273477253,0.945699632779067,0.516504108662614,bathroom
125,129,0.00974820793072489,0.757819948467651,0.952528352993282,0.296623022043386,bathroom
125,130,0.375562472207113,0.818224318346434,0.81600780468879,0.631442889622833,bathroom
125,131,0.000144057624045743,0.715473885839492,0.927974307204561,0.536531788928058,bathroom
125,132,0.237906529666698,0.731189296878374,0.822540065981393,0.472212914298078,bathroom
125,134,0.214766829314342,0.74272444474237,0.989163594761238,0.515415992465832,bathroom
125,135,0.433232494749129,0.794643841707877,0.909160698736131,0.5452290285032,bathroom
125,136,0.307910944541977,0.721571198649215,0.843984428133804,0.551352200696154,bathroom
125,137,0.259861159964397,0.923867830460184,0.824052675635829,0.436891718410468,bathroom
125,138,-0.170418359185632,0.673859022793722,0.751137976763825,0.512002221684168,bathroom
125,139,-0.212957859289728,0.719043439516281,0.767978471881365,0.360863549651157,bathroom
125,140,0.077417199942702,0.842081922892226,0.99409745358407,0.684784196238917,bathroom
125,141,0.22686268868051,0.800584131656928,0.807994681547133,0.513929917428557,bathroom
126,127,-0.113084636115373,0.838659982312174,0.875286154970746,0.690137774999078,bathroom
126,129,-0.0341549317200143,0.752342050213687,0.878064314090039,0.497269831230413,bathroom
126,130,0.580164682483724,0.922546048708023,0.964797514277583,0.709187220842743,bathroom
126,131,0.0862153833705688,0.865213768341602,0.929904430730633,0.735358624699582,bathroom
126,132,0.328600723826664,0.929687801112977,0.67088149155157,0.644143946051377,bathroom
126,134,0.252891787384978,0.990752009673967,1.07198347126082,0.735468286987695,bathroom
126,135,0.546780321269155,0.916637891621293,0.847326187743931,0.628167058756209,bathroom
126,136,0.266237162813877,0.986098637754167,0.845190137706152,0.845373995384298,bathroom
126,137,0.283102752146995,0.861675549304534,0.920232408211725,0.559391326379844,bathroom
126,138,-0.314778387729053,0.882219978389835,0.806287148387952,0.752273110407805,bathroom
126,139,-0.00244898448777357,0.720265085914763,0.811448015305856,0.760088584146643,bathroom
126,140,-0.100553621624619,1.01954779986741,1.08291070363713,0.670909701538056,bathroom
126,141,0.269949055600152,0.79169306547401,0.878757707381492,0.704240517751243,bathroom
127,129,0.265722190752638,0.890874933632783,0.949713565616853,0.606790266116942,bathroom
127,130,-0.0590842637800792,0.724160654378925,0.888455909229612,0.762436617648118,bathroom
127,131,0.0756783588598194,0.623714653982714,0.971470223084472,0.925506686045306,bathroom
127,132,-0.114543954092864,0.76398730394871,0.798881320450971,1.04662666035014,bathroom
127,134,0.0321359078003049,0.815470789878259,0.980886299954351,0.691472612940598,bathroom
127,135,-0.014262671725501,0.788817281143579,0.824850873551051,0.880855788062812,bathroom
127,136,-0.129262581055016,0.756369694264925,0.886253525246125,0.960291936160115,bathroom
127,137,0.0790598676822134,0.961328261138142,0.835172511132968,0.635823466806916,bathroom
127,138,0.07645112010721,0.836301691084155,0.791597321940134,0.787370510654526,bathroom
127,139,-0.0475267484398319,0.880080847247227,0.869591944357308,0.761218235423975,bathroom
127,140,-0.203132746167651,0.931408541518865,0.99624060107856,0.740272799701512,bathroom
127,141,0.0511851096075249,0.805721628101225,0.830675230317924,1.03983155561774,bathroom
129,130,0.0573497063398279,0.73556275772815,0.890950696458413,0.448226152068986,bathroom
129,131,0.188964175424717,0.646351741500764,0.988225536547184,0.606202746555496,bathroom
129,132,-0.16094320041027,0.739904481821724,0.850605884315869,0.678894761097365,bathroom
129,134,0.134441632203096,0.807027203887984,0.989570258582497,0.653385732085577,bathroom
129,135,0.146587218099903,0.77740437731379,0.894033448066835,0.739365385980847,bathroom
129,136,-0.0456018118594571,0.728069089926983,0.957850871317631,0.587697384328186,bathroom
129,137,0.140705176467759,0.762095619314741,0.821631964553067,0.444406159131692,bathroom
129,138,0.00657872635924197,0.783071218762793,0.850167762358296,0.484140083810773,bathroom
129,139,-0.0321359078003049,0.696370798895077,0.856236018188283,0.654044435533207,bathroom
129,140,-0.208140610622437,0.896612987496809,0.970108987561963,0.531072959621518,bathroom
129,141,0.325720097667833,0.636830195816066,0.904706798619771,0.659792870964083,bathroom
130,131,0.301176558903199,0.812912885221487,1.00235909486336,0.683272999871122,bathroom
130,132,0.40813826149846,0.834710847159823,0.850711973024533,0.662692023538872,bathroom
130,134,0.358469874043654,0.765574214271966,0.981985233806354,0.630658410698363,bathroom
130,135,0.327426502165432,0.846480958953293,0.864112697134938,0.688387968720799,bathroom
130,136,0.314778387729053,0.966656304783977,0.916928211524606,0.755114575522217,bathroom
130,137,0.509531173945305,0.79970682618166,0.902369748215343,0.54869145172267,bathroom
130,138,-0.115419777701182,0.705307412423534,0.91009381644875,0.648756231115855,bathroom
130,139,-0.0612047618508992,0.641855785830191,0.962203143997813,0.587209819450667,bathroom
130,140,0.0609155710744289,1.01426645795014,0.959479621311004,0.74723365308311,bathroom
130,141,0.759068924300832,0.844133009482521,0.9387300119176,0.694232169840945,bathroom
131,132,0.0473342391784055,0.795916535405907,0.908620987136328,0.689038851938406,bathroom
131,134,-0.0386747330389464,0.804495114575907,1.14345269464432,0.725959566986507,bathroom
131,135,-0.0308861681361227,0.798068734667791,0.867285544879702,0.799628923702292,bathroom
131,136,-0.0819597376561888,0.878905590852359,1.07702169651966,0.929383612951119,bathroom
131,137,0.286119629771909,0.631525866910751,0.895837421562157,0.433993994722602,bathroom
131,138,-0.288411680052425,0.676651371971765,0.891155913384055,1.06578432001985,bathroom
131,139,-0.28716110665919,0.608765014771497,0.897928299997825,0.748467662936247,bathroom
131,140,-0.126529277247621,0.847056720906253,1.08611151952977,0.547231867756295,bathroom
131,141,0.399694898301137,0.730710559963063,0.958768716748905,0.71878666716955,bathroom
132,134,0.0215639660761586,0.912858457767173,0.89139915738225,0.808554805061559,bathroom
132,135,0.141978784531703,0.831536262857865,0.846655149995467,1.11853606232156,bathroom
132,136,0.143448901311387,0.972017590824217,0.890173639436487,0.986538321507362,bathroom
132,137,0.199633225980236,0.720242273191423,0.896138901363192,0.677636678304359,bathroom
132,138,-0.144625438000394,0.75789472685571,0.792430527060742,0.665038349906402,bathroom
132,139,-0.139529940708933,0.655482813195774,0.83093782437043,0.878538848989122,bathroom
132,140,-0.0576387750280022,0.938801623091329,0.819537011755669,0.778773798063212,bathroom
132,141,0.374901229051899,0.722714982549733,0.881817518339801,1.12533836297086,bathroom
134,135,0.293213725771424,0.863360643649592,0.899194369546968,0.876413159738889,bathroom
134,136,0.335879146844316,0.936298153796536,1.0130482680644,0.859469152470772,bathroom
134,137,0.0254076267295649,0.735956162688826,0.962310673849295,0.539759739691574,bathroom
134,138,0.0794464392975735,0.862876709584581,0.866886080106773,0.761505314686789,bathroom
134,139,0.413230819235552,0.749748251460513,0.844623894661393,0.723567287306567,bathroom
134,140,-0.000816326711942659,0.930889138164322,1.088475951975,0.670093711789911,bathroom
134,141,0.431965726474518,0.722625389664089,0.938547327484269,0.833399080466225,bathroom
135,136,0.154642410121029,0.837347622448514,0.861040618038823,0.949209188370361,bathroom
135,137,0.195340402789651,0.762249861960459,0.862113072470074,0.785465308923409,bathroom
135,138,-0.0662190689483166,0.744402975342229,0.868546158491132,0.604155717392422,bathroom
135,139,0.0976440798320532,0.790575053860304,0.825377308200328,0.832515364638626,bathroom
135,140,0.161830254802024,0.957149403133476,0.902486076852113,0.801783856732,bathroom
135,141,0.294887078902195,0.831612019794305,0.959303793621365,1.20295537631903,bathroom
136,137,0.253198748344769,0.736009756922974,0.942579457516207,0.692051771130403,bathroom
136,138,-0.017240603545017,0.840025233405114,0.834653424946615,0.85674555420759,bathroom
136,139,0.278431287844406,0.665230802189956,0.87527563617191,0.842855952597783,bathroom
136,140,-0.0780935415423365,1.0046846333326,0.971115659715586,0.817118343254542,bathroom
136,141,0.243602495802141,0.769945558942339,0.903927238213212,1.01113486522497,bathroom
137,138,-0.0988076960691348,0.780219001022823,0.837739041064234,0.365940709129085,bathroom
137,139,0.0270414032274997,0.814117996014255,0.859584300400292,0.510181884471636,bathroom
137,140,-0.13904037232626,0.894610447519792,0.971446162808301,0.887720093315719,bathroom
137,141,0.451224666276016,0.850100321083709,0.921677553255746,0.884153021981317,bathroom
138,139,0.182503822356895,0.705951940453369,0.855925477096751,0.629621928627321,bathroom
138,140,0.131216115208288,0.869105532351143,0.882725973754305,0.509486192427059,bathroom
138,141,-0.150514157202338,0.646045307738598,0.947025267467954,0.607026391526398,bathroom
139,140,0.0462755005201306,0.715672948365689,0.919060503966152,0.610050647920799,bathroom
139,141,-0.129555548278826,0.827023765507729,0.885961777503289,0.780850823138707,bathroom
140,141,-0.100553621624619,0.78199483305478,0.939113666399459,0.861798126307132,bathroom
