sub1,sub2,IES,own_drw,ctr_drw,category
201,202,0.295933739776013,0.714650781394797,0.813082878625555,bedroom
201,203,0.577393385113588,0.797705657769513,0.887074451139833,bedroom
201,204,0.310654510704316,0.597973223312695,0.815019004987144,bedroom
201,205,0.629272425284293,0.730812955196918,0.75262829528362,bedroom
201,206,0.120483587973473,0.822770425979121,0.764743904342972,bedroom
201,207,0.522298158298538,0.766671859180089,0.60205410159958,bedroom
201,208,0.159169843263488,0.808207427324129,0.825276491249881,bedroom
201,209,0.37909442436408,0.924075784834298,0.800610807007668,bedroom
201,210,0.539525959302436,0.758706446943698,0.756554241866254,bedroom
201,211,0.365129133133249,0.796547955882436,0.686179699895437,bedroom
201,212,0.58466865383159,0.815225059709682,0.847718918080344,bedroom
201,213,0.674302779400378,0.756295967980445,0.755009494874319,bedroom
201,214,0.20563540699563,0.886682545375182,0.781423030425885,bedroom
201,216,0.323270344972269,0.674774298429385,0.865350938682768,bedroom
201,218,0.141880798486908,0.70766304693974,0.729291440781486,bedroom
201,219,0.335235561413059,0.746876514141006,0.773974362991426,bedroom
201,220,0.54397420785134,0.808915938484999,0.72392352595867,bedroom
201,221,0.256373426971942,0.721949515119999,0.825170394638536,bedroom
201,222,0.72309625135048,0.697389384479517,0.767649849195286,bedroom
201,224,0.280090886145816,0.722215783167692,0.809156467297529,bedroom
201,225,0.593473178421298,0.70454384135912,0.728529721305002,bedroom
201,226,0.197835355257938,0.813009322155106,0.832836450779684,bedroom
201,227,0.575681822046568,0.719404518956117,0.786478840598579,bedroom
201,228,0.0604336090360644,0.872190076333632,0.742218847669928,bedroom
201,229,0.386518915834073,0.58820257100817,0.767980312152187,bedroom
201,230,0.420965019182005,0.891327698739815,0.823987712003931,bedroom
201,231,0.507684684635063,0.73290135457937,0.769128983232269,bedroom
201,232,0.397228458428626,0.730894490657828,0.729251921407853,bedroom
201,233,0.810242276603371,0.70233693519,0.731620580430056,bedroom
201,234,0.691797733013985,0.684974255183097,0.791940177610658,bedroom
201,235,0.511010673894917,0.6038421813474,0.750925390324259,bedroom
201,236,0.224034602152846,0.733406059015133,0.600322079263153,bedroom
201,237,-0.0825398751797243,0.604286059155732,0.809327441976266,bedroom
201,238,0.367648047581053,0.777023404401541,0.752122926749318,bedroom
201,240,0.434846641947867,0.715379348186573,0.807143441848351,bedroom
201,241,0.205435101021613,0.715704247719843,0.873747810867079,bedroom
201,242,0.518563602508714,0.726330053707193,0.749414930416404,bedroom
201,243,0.0455055740130699,0.619580623805038,0.69199113082213,bedroom
201,244,0.532197165678884,0.724741003795781,0.806521133381992,bedroom
202,203,0.150317701768972,1.11301152727189,0.962763373120885,bedroom
202,204,0.362068603785198,0.819726371375103,0.891340031184263,bedroom
202,205,0.289245883417165,0.790456078938218,0.84957287560998,bedroom
202,206,0.185583002509694,1.01792542553334,0.849118627081814,bedroom
202,207,0.232225675983507,1.00155482642188,0.695412665750086,bedroom
202,208,0.294050202228022,0.973404815527623,0.908066834099039,bedroom
202,209,0.189063685989324,0.900278410097065,0.825979739516014,bedroom
202,210,0.207539127959581,0.833425065283245,0.957828627183547,bedroom
202,211,0.121653024016542,0.998497227655511,0.91837548690941,bedroom
202,212,0.200332741431813,0.792961965221085,0.985936627575429,bedroom
202,213,0.27584115216122,0.860573413502502,0.969544205511184,bedroom
202,214,0.550106785017542,0.96842730309786,0.969685186790533,bedroom
202,216,0.216074168512426,0.90622790844027,0.875772671911796,bedroom
202,218,0.0743262431598193,0.606444710401217,0.814649033110031,bedroom
202,219,0.425765856151096,0.722373269876913,0.788068101378409,bedroom
202,220,0.16094320041027,0.760335966794642,0.85026260158925,bedroom
202,221,0.424392305712228,0.779542760079866,0.818182149500275,bedroom
202,222,0.303173037998786,0.867055349254172,0.992675407192013,bedroom
202,224,0.316261279371755,0.779383261280215,0.824107623915625,bedroom
202,225,0.207839850758941,0.83898950882454,0.83050358923364,bedroom
202,226,0.0111889422903984,0.8608125369757,0.909158590155215,bedroom
202,227,0.261812878744659,0.84468006872357,0.944763313197028,bedroom
202,228,0.235672987090078,0.950687338472761,0.852903575525311,bedroom
202,229,0.339961448497911,0.775577592964126,0.76643500280549,bedroom
202,230,0.13845297764832,0.834394745687895,0.915681890646512,bedroom
202,231,0.226155334165754,0.846958892060205,0.962705813060629,bedroom
202,232,0.334377863717893,0.797066684153071,0.865721791559454,bedroom
202,233,0.399919348957757,0.726429564384128,0.890858259658286,bedroom
202,234,0.313191061119261,0.631482253019045,0.88482522137981,bedroom
202,235,0.378983914469386,0.752838334829618,0.916987042832802,bedroom
202,236,-0.00926797243218055,0.822399203688355,0.651714533724055,bedroom
202,237,-0.238414477320903,0.684519144508519,0.878323025589624,bedroom
202,238,0.317003229994062,0.979979023580486,0.785527856834943,bedroom
202,240,0.334806653192802,0.76844604128132,0.966482093598678,bedroom
202,241,0.24676227603653,0.712885051401595,1.00987956713812,bedroom
202,242,0.197236346017931,0.840263511943935,0.89206548741994,bedroom
202,243,0.0744228137987825,0.799200976778982,0.788534007564006,bedroom
202,244,0.309071133458183,0.879110065360421,0.952150106456474,bedroom
203,204,0.404078625417311,0.712616101375496,0.830316773787388,bedroom
203,205,0.824661458812708,0.712645376389928,0.881451053097782,bedroom
203,206,-0.144331266673454,0.999432312093284,0.897342706637954,bedroom
203,207,0.141097007386503,0.965126658418838,0.709282563989753,bedroom
203,208,0.11795093019333,0.910916020050119,0.942330514258092,bedroom
203,209,0.402503291185601,0.887748240910471,0.885778101989366,bedroom
203,210,0.734854677098043,0.828843463486913,0.881885155697782,bedroom
203,211,0.60534260913192,0.954377319077444,0.823077281171885,bedroom
203,212,0.61901835064666,0.828060748576768,1.00020643908862,bedroom
203,213,0.902182575530895,0.907282138309812,0.917229571084596,bedroom
203,214,0.184191977548463,0.936940884606779,0.932438269456922,bedroom
203,216,0.600873823329519,0.88358955768015,0.967642512102938,bedroom
203,218,0.157791252053638,0.622054931684256,0.796580113891863,bedroom
203,219,0.421992221298115,0.707736885010929,0.890918311985908,bedroom
203,220,0.574367303576536,0.743833949531555,0.816894532281647,bedroom
203,221,0.404078625417311,0.781659755236248,0.935150388718091,bedroom
203,222,0.532071266573465,0.810767815682718,0.960146636037151,bedroom
203,224,0.234354252253245,0.754330581197822,0.945402333422634,bedroom
203,225,0.572005674783104,0.83816782346611,0.894419397404943,bedroom
203,226,0.0069628976368001,0.839899766092898,0.897807847297195,bedroom
203,227,0.539018829637458,0.860602590404853,0.974625961169162,bedroom
203,228,0.248497107671405,0.949294671853452,0.813878142810922,bedroom
203,229,0.550619532025852,0.638926032596011,0.824561681856004,bedroom
203,230,0.473541608574492,0.835976060489552,0.996129270799643,bedroom
203,231,0.759394698806605,0.849128655088913,0.905781557247013,bedroom
203,232,0.418913127766252,0.780120014304919,0.925372451984694,bedroom
203,233,0.764625700023558,0.73493228159353,0.889701713647846,bedroom
203,234,0.74823305940713,0.646395299739109,0.912256428009415,bedroom
203,235,0.537498957236432,0.698948872453474,0.89903849131732,bedroom
203,236,0.419027034158641,0.807689786789573,0.670724494151859,bedroom
203,237,-0.0317513620119831,0.639564964080589,0.87134107930723,bedroom
203,238,0.42244902561006,0.895960212961223,0.755746663963498,bedroom
203,240,0.472349905919286,0.777516573751063,0.888162164566064,bedroom
203,241,0.396892481936823,0.694025358907322,0.969616590259043,bedroom
203,242,0.680192702330853,0.790857931071023,0.89725820209643,bedroom
203,243,-0.0206992342577392,0.71295068102525,0.774733892512045,bedroom
203,244,0.721696709486143,0.921901017806885,0.946768004365749,bedroom
204,205,0.284038485045278,0.76681527358632,0.898403967549395,bedroom
204,206,0.0701749904846148,0.785272781425062,0.815767123550425,bedroom
204,207,0.157594359120807,0.771913451907462,0.808692205043062,bedroom
204,208,0.111820281923498,0.809488738046681,0.929862249677637,bedroom
204,209,0.346969801084843,0.792225147367228,0.896518217652772,bedroom
204,210,0.296771522284796,0.685651568493409,0.881746667095961,bedroom
204,211,0.178535729636955,0.801490235793345,0.883756635952968,bedroom
204,212,0.334056349413864,0.638463805180754,0.864643459077537,bedroom
204,213,0.537878712476172,0.735755363562053,0.946251938108017,bedroom
204,214,0.361304488153842,0.822097461956665,0.887566985300777,bedroom
204,216,0.27863865570245,0.756019757608592,0.830715674574639,bedroom
204,218,-0.126822040583735,0.701060599685327,0.862624589198558,bedroom
204,219,0.312027992745002,0.775686115253954,0.798053953015476,bedroom
204,220,0.140313388466774,0.667971255721265,0.838766475118509,bedroom
204,221,0.326786385142804,0.766106727879933,0.810207436202008,bedroom
204,222,0.255451227618099,0.736817836782705,0.900510879938833,bedroom
204,224,0.472588146383292,0.621702441917718,0.809155495962256,bedroom
204,225,0.245844425456568,0.750259591297833,0.818438476951159,bedroom
204,226,0.0449281645609305,0.666253071421098,0.857422692135657,bedroom
204,227,0.413911357749269,0.660006188273551,0.907510029536374,bedroom
204,228,0.404416444552638,0.776118601178283,0.813369905122721,bedroom
204,229,0.409607374863219,0.788399077471849,0.756466495739617,bedroom
204,230,0.349998878599138,0.697456036512848,0.849227575147055,bedroom
204,231,0.381749322678617,0.722738637500931,0.940179889856905,bedroom
204,232,0.275427066093554,0.654251539247723,0.823253799880051,bedroom
204,233,0.519060774103109,0.603234003636313,0.85873442081053,bedroom
204,234,0.0906678032522851,0.641378786810235,0.860792037556071,bedroom
204,235,0.350973820655364,0.766664000225036,0.796886267282478,bedroom
204,236,0.00360145614702901,0.730431721134987,0.698061860715145,bedroom
204,237,0.112890096751067,0.684237221148984,0.926148883584828,bedroom
204,238,0.229593154871635,0.870222429379038,0.801015641480144,bedroom
204,240,0.407686562647456,0.797984834025493,0.909005177081607,bedroom
204,241,0.298658015870747,0.566343471623261,0.949918634005566,bedroom
204,242,0.400929851118064,0.682689937812033,0.919424605886128,bedroom
204,243,0.158086614209905,0.68796589691704,0.746360600302177,bedroom
204,244,0.494239811893484,0.695061608153281,0.904803426879616,bedroom
205,206,-0.177544579846398,0.71874660186802,0.831040865124989,bedroom
205,207,0.294991716699458,0.731324151744212,0.929668122527109,bedroom
205,208,0.392755740010046,0.866478316658646,0.978991591777754,bedroom
205,209,0.420736866050607,0.781289768374631,1.12073451734111,bedroom
205,210,0.712734903781449,0.733394122404698,1.04033364593446,bedroom
205,211,0.636829741476779,0.789936072083989,0.98399739283957,bedroom
205,212,0.671373057937077,0.708898220355684,0.958820337772361,bedroom
205,213,0.845188412051903,0.744098082136643,1.0384678082477,bedroom
205,214,0.266546212270871,0.836472568028458,0.884685915497078,bedroom
205,216,0.502776236592236,0.669907593963467,0.867411541206144,bedroom
205,218,0.0975471237521551,0.749512775171969,0.919101271803345,bedroom
205,219,0.632623337166616,0.757459175169363,0.859146351108584,bedroom
205,220,0.505227652477247,0.662681691536332,0.891327698739815,bedroom
205,221,0.4587337496311,0.751363531277627,0.93986048284166,bedroom
205,222,0.756792299366961,0.743700825990502,0.99304983510705,bedroom
205,224,0.31297953317549,0.674373186292937,0.801923121010245,bedroom
205,225,0.498987527638417,0.71822602885908,0.83308320999888,bedroom
205,226,-0.0423301869012832,0.677664290318049,0.94812566866502,bedroom
205,227,0.444809459607395,0.636691166588542,0.91004277157026,bedroom
205,228,0.136887054733265,0.804599804076225,0.938159334290757,bedroom
205,229,0.46510736503698,0.710355749628214,0.762371755566311,bedroom
205,230,0.400929851118064,0.796561540617049,0.835208173407163,bedroom
205,231,0.617366420099421,0.774962991152982,1.01553648839223,bedroom
205,232,0.536234127988093,0.690897385749813,0.839781857752218,bedroom
205,233,0.78506844186495,0.631927943248566,1.06584671500973,bedroom
205,234,0.712734903781449,0.6881485309787,1.09269467097822,bedroom
205,235,0.510393965409444,0.732766038371702,0.879584350275508,bedroom
205,236,0.178436599068124,0.752177326185849,0.737361404048562,bedroom
205,237,-0.0337703347773729,0.698896823455597,1.05583648612191,bedroom
205,238,0.385408218511563,0.80743906895263,0.754926646959696,bedroom
205,240,0.449354850696675,0.736479891433718,0.942995130542962,bedroom
205,241,0.342653129953997,0.660856308610773,0.929123480246191,bedroom
205,242,0.699322515857383,0.755254772033734,1.00170450223023,bedroom
205,243,0.0980319224706453,0.697589356648331,0.821180580170102,bedroom
205,244,0.498011945817916,0.719949326348476,0.954663612842721,bedroom
206,207,0.015511448005997,1.02416038106152,0.8073850162354,bedroom
206,208,0.0291559177552209,0.911139013284101,0.834903814325716,bedroom
206,209,0.030790038360288,1.02560489612559,0.881516628431285,bedroom
206,210,0.0100363513738864,0.758781411281258,0.839525967740818,bedroom
206,211,-0.0302132715892841,0.877349195260349,0.82891196020258,bedroom
206,212,0.27490958802527,0.803708158571988,0.791162621194588,bedroom
206,213,0.159662342433943,0.93206232615478,0.912745989250313,bedroom
206,214,-0.0748091102287521,1.02648169757699,0.852935536236812,bedroom
206,216,-0.140215448157507,0.973949271782836,0.901423135108091,bedroom
206,218,-0.260785416115045,0.644351535682873,0.866398706158804,bedroom
206,219,0.043484771055943,0.758482304073014,0.870035865030097,bedroom
206,220,0.168935908487818,0.764703486202485,0.779120269714648,bedroom
206,221,0.183893992628798,0.758175537671351,0.860425115915672,bedroom
206,222,-0.0772239724949852,0.878655572968289,0.891282118937462,bedroom
206,224,0.0103244964835707,0.818774152937505,0.885969216710248,bedroom
206,225,-0.057735133393282,0.877092379203147,0.88122957266052,bedroom
206,226,-0.0117652487050971,0.917393228576936,0.809489925764039,bedroom
206,227,0.182404551233518,0.879523115191074,0.943839113397737,bedroom
206,228,0.210046287759014,0.943717921090465,0.868073913367387,bedroom
206,229,0.208040353212587,0.764683227019255,0.831622811066215,bedroom
206,230,0.0224287301401814,0.884524604192019,0.885448062233447,bedroom
206,231,-0.0276180642376288,0.826847337253349,0.885336564820537,bedroom
206,232,-0.0392518387870695,0.826341390578205,0.858239631111892,bedroom
206,233,0.0594697688535595,0.782868140856661,0.825466554834405,bedroom
206,234,0.134148289443954,0.78717592874189,0.855967235297983,bedroom
206,235,0.02588813476186,0.812661925673014,0.882749981122293,bedroom
206,236,0.125943815242263,0.89648922892755,0.788726416235864,bedroom
206,237,0.0989046760856552,0.72640987464871,0.813363935581468,bedroom
206,238,0.0977410377419763,1.03967312986761,0.822338669716913,bedroom
206,240,-0.0238700787552102,0.899416449132004,0.933008158202739,bedroom
206,241,0.0138784419993319,0.656995511329902,0.868866315904445,bedroom
206,242,-0.0501259738575519,0.779586039064466,0.857950718744363,bedroom
206,243,0.280194660898616,0.794826794644062,0.859381878936856,bedroom
206,244,0.0916361891348172,0.863085580282356,0.906107371547188,bedroom
207,208,0.266958355617805,0.906453230158916,0.835021943823924,bedroom
207,209,0.110264641855147,0.965089630042583,0.941441209572166,bedroom
207,210,0.239227444909907,0.763640236844547,0.860589043838417,bedroom
207,211,0.155330957254392,0.910231569437807,0.934860755423304,bedroom
207,212,0.106474979623363,0.763185409881078,0.693133806875087,bedroom
207,213,0.256988463623126,0.834059134990704,0.893924464061289,bedroom
207,214,0.169627626894957,1.02741341822052,0.780438313077564,bedroom
207,216,0.405655865068772,0.960445691766518,0.735581201918744,bedroom
207,218,-0.0223326436115331,0.615410566093102,0.892385085688547,bedroom
207,219,0.129653208932494,0.730472663422226,0.805133346811896,bedroom
207,220,0.438659891589299,0.745687414812941,0.857268935021291,bedroom
207,221,0.136397840965449,0.738254819595674,0.765541600389348,bedroom
207,222,0.336845028355253,0.839116842762769,0.879391150781546,bedroom
207,224,0.158283537509337,0.793792972207295,0.738152745768457,bedroom
207,225,0.228682627496727,0.864004148925545,0.814040752237683,bedroom
207,226,0.0775138158292718,0.848558191141525,0.713467316989859,bedroom
207,227,0.295305667777096,0.837429029217629,0.829465709970291,bedroom
207,228,-0.0360780702229101,0.877919215905384,0.888206338818956,bedroom
207,229,0.0959960738281283,0.732707675653913,0.742329657568524,bedroom
207,230,0.181511270868863,0.83546624566478,0.761510384127223,bedroom
207,231,0.171308185429767,0.825143376629889,0.910318408876978,bedroom
207,232,0.195240654822377,0.84468346648761,0.778761045584202,bedroom
207,233,0.268401556295089,0.727101534793482,0.866357270184581,bedroom
207,234,0.174474199109483,0.671897184832265,0.817797715141486,bedroom
207,235,0.30991541391848,0.825767138393886,0.750678662024399,bedroom
207,236,0.106183594673613,0.79627079574858,0.791623892722263,bedroom
207,237,-0.139138280697699,0.718638041567957,0.867701487301683,bedroom
207,238,0.239532387723731,1.02183825114808,0.712737404036207,bedroom
207,240,0.212857401307601,0.819136998176628,0.861075491060484,bedroom
207,241,0.276048229792118,0.683827453325291,0.757738719595386,bedroom
207,242,0.328387163980396,0.767639527693211,0.935239660227766,bedroom
207,243,0.0249271304270911,0.762785077416668,0.76479796816728,bedroom
207,244,0.253505756032811,0.747142859975111,0.853723660692771,bedroom
208,209,0.322312767511829,0.975576425133632,0.923222318357824,bedroom
208,210,0.404303828445835,0.817079291452021,0.906521804718729,bedroom
208,211,0.144821566026053,0.967968866776751,0.971902504320768,bedroom
208,212,0.153560701067448,0.835564108818614,0.965002251190263,bedroom
208,213,0.307700087504589,0.885522163814891,1.01856028062039,bedroom
208,214,0.15523258444706,1.01359172314182,0.976485377286992,bedroom
208,216,0.450406258703914,0.866848820579871,0.904494731845244,bedroom
208,218,-0.275116562002628,0.733155623217847,0.850159545826086,bedroom
208,219,0.23719560527461,0.78225308575161,0.846731357534663,bedroom
208,220,0.0549411682744107,0.768583338604096,0.935797968751153,bedroom
208,221,0.114057461096367,0.794023951824866,0.942863666458911,bedroom
208,222,0.137865677890765,0.845142310601576,1.02968881712683,bedroom
208,224,0.190755933542836,0.780826288735338,0.918980862648674,bedroom
208,225,0.376113747963107,0.838014505681062,0.942253193768327,bedroom
208,226,0.0206992342577392,0.856680489423484,0.965144298110707,bedroom
208,227,0.166861711032392,0.852941836902459,0.959591790567691,bedroom
208,228,0.210849127404128,0.940457903844815,0.856369526429203,bedroom
208,229,0.28518281702318,0.874131789811705,0.830294230308338,bedroom
208,230,0.210748757819607,0.867100564570982,0.905010902524261,bedroom
208,231,-0.00878774120834941,0.794831983190936,0.929794381985078,bedroom
208,232,0.03117456089469,0.813390636083098,0.871023098369065,bedroom
208,233,0.339316151663095,0.77713968353396,0.938169684807154,bedroom
208,234,0.269226732575256,0.740223161060145,0.955800178898803,bedroom
208,235,0.334592243625118,0.871272911793898,0.910930693361034,bedroom
208,236,0.155035847771688,0.877837010736908,0.696364254351812,bedroom
208,237,-0.149335597013688,0.777027749034723,1.04472847936346,bedroom
208,238,0.261093598277339,0.969652921141324,0.749494403393019,bedroom
208,240,0.0960930008824343,0.886503004747113,0.957747249224635,bedroom
208,241,0.220706015894502,0.756231614237393,1.05518900203034,bedroom
208,242,0.138844563527131,0.873919307627995,1.04535708124632,bedroom
208,243,0.263457944840281,0.839960752887737,0.794877622759359,bedroom
208,244,0.382524634733128,0.855466756411021,0.980674973586626,bedroom
209,210,0.242889658885576,0.808999882770963,0.966548884935444,bedroom
209,211,0.360868032227665,0.976744973374299,0.983402154569005,bedroom
209,212,0.345349599460653,0.859736356315861,0.937915883771409,bedroom
209,213,0.488062198290488,0.882608934589912,1.00890644048068,bedroom
209,214,0.127114825545567,1.0211119324786,0.845380343953134,bedroom
209,216,0.19913369014836,0.930774323359335,0.939892131430576,bedroom
209,218,-0.0946392830261407,0.793847960961138,0.990517924302709,bedroom
209,219,0.0986137415918275,0.886273691625848,0.884005712198252,bedroom
209,220,0.286744443253032,0.83482950421192,0.862204508166186,bedroom
209,221,0.11999641991257,0.806530059808636,1.02366497196923,bedroom
209,222,0.277498421039564,0.893739302924232,0.93594935272765,bedroom
209,224,0.149924825433052,0.801613739218928,0.89132395068687,bedroom
209,225,0.380753135762498,0.864031022672883,0.850639342260689,bedroom
209,226,0.182007502274832,0.919840796132239,0.955932854570681,bedroom
209,227,0.272427686176151,0.902882009966345,0.960973274196567,bedroom
209,228,0.546780321269155,0.916519792071219,0.979963603023495,bedroom
209,229,0.344917840440636,0.753006507224766,0.8290817886387,bedroom
209,230,0.499475647954708,0.959547988915458,0.833317340247408,bedroom
209,231,0.45649946743697,0.844679275914247,1.01916184868091,bedroom
209,232,0.260271886778856,0.838756589055994,0.909490460432532,bedroom
209,233,0.609560326038567,0.733391676399961,0.992921772832034,bedroom
209,234,0.593741270017386,0.783470442956523,1.07374769653241,bedroom
209,235,0.168639506795576,0.791011630470286,0.877377643922963,bedroom
209,236,0.161830254802024,0.87742660200193,0.841820372941311,bedroom
209,237,0.0983228237370461,0.741591579614264,1.00028779244011,bedroom
209,238,0.555246172455342,1.05336498518508,0.874581503491464,bedroom
209,240,0.421992221298115,0.895822941142097,0.974135541929012,bedroom
209,241,0.0934765961094923,0.75027658171432,0.982838562740647,bedroom
209,242,0.322951088890055,0.807000084294238,1.00156905269142,bedroom
209,243,0.0893123474563143,0.813994474996768,0.815047070328532,bedroom
209,244,0.324228495801064,0.832602139845009,1.05282055041044,bedroom
210,211,0.551902553668803,0.883581545614124,0.938375175127721,bedroom
210,212,0.881325692534992,0.815379257325141,0.917752306620954,bedroom
210,213,0.871976504755298,0.743673371424324,1.01062691714763,bedroom
210,214,0.250029059309119,0.805242097884931,0.935903443984576,bedroom
210,216,0.498865531907165,0.718395130453555,0.884397449338266,bedroom
210,218,-0.0582169413201708,0.677273143065306,0.898907947144954,bedroom
210,219,0.463569764680057,0.760921029282002,0.895372007724106,bedroom
210,220,0.633183045476902,0.750159255375911,0.880981115554272,bedroom
210,221,0.512121652546828,0.820509717889695,0.897183705118574,bedroom
210,222,0.64714949687464,0.790623386168326,1.03063871148073,bedroom
210,224,0.258629493275028,0.697030005122886,0.852042314767086,bedroom
210,225,0.654718611211991,0.633843410860025,0.836196116707917,bedroom
210,226,0.0721054966745352,0.866724558335267,0.92999992289994,bedroom
210,227,0.474257231770677,0.707259282499421,0.930017437635342,bedroom
210,228,0.133952740356486,0.841520800456485,0.931864112483886,bedroom
210,229,0.778861622108174,0.70139276139614,0.811534410198843,bedroom
210,230,0.391751441242968,0.725983511121599,0.893458621052021,bedroom
210,231,0.622054719238497,0.666680173753303,1.02440697533525,bedroom
210,232,0.487699886639062,0.688863250762593,0.916159600398899,bedroom
210,233,0.599119278874137,0.673722134863816,1.07437154135301,bedroom
210,234,0.648145444785292,0.641802012993341,1.05324262408898,bedroom
210,235,0.843000313269237,0.671253466572349,0.897630074090483,bedroom
210,236,0.319337279678545,0.750396224620489,0.780942626208698,bedroom
210,237,-0.103270724684053,0.662188235569142,1.00171119006441,bedroom
210,238,0.125455995852483,0.864431572686845,0.792501990293609,bedroom
210,240,0.511751197068901,0.682259409892656,0.949610265249689,bedroom
210,241,0.305803564981422,0.673889789201811,0.968099507360886,bedroom
210,242,0.659464910253638,0.719167914938368,0.998221873101566,bedroom
210,243,0.0481042974020557,0.695538466339866,0.829571650771149,bedroom
210,244,0.891969100153818,0.780528715766596,1.03022974379023,bedroom
211,212,0.54321025929797,0.835403955595118,0.916960072634026,bedroom
211,213,0.613797480314551,0.843031649470216,1.08397637292098,bedroom
211,214,0.0319436337256256,0.964776922903754,0.923273714211876,bedroom
211,216,0.576471395580555,0.893483846287487,0.861537341899868,bedroom
211,218,0.135713050629772,0.796051962036119,0.909819261615576,bedroom
211,219,0.342545371110409,0.870513285550771,0.816487875069065,bedroom
211,220,0.516577266963807,0.84349114768179,0.948566567115562,bedroom
211,221,0.233036317442362,0.866081402848944,0.829449736975204,bedroom
211,222,0.399694898301137,0.881495047513762,1.02229922211036,bedroom
211,224,0.199333492697172,0.808954133045057,0.846160166268479,bedroom
211,225,0.322951088890055,0.81019176503066,0.937070950292706,bedroom
211,226,-0.124773148428317,0.91013542515179,0.901581387284159,bedroom
211,227,0.573316977748288,0.809994336448291,0.981080454189846,bedroom
211,228,0.328921117872596,0.937914849098427,0.918414831497131,bedroom
211,229,0.261812878744659,0.793227771342518,0.771411842928184,bedroom
211,230,0.400705227937867,0.900970781032133,0.846398874285684,bedroom
211,231,0.320080637136961,0.814531511485037,0.970417955226986,bedroom
211,232,0.37909442436408,0.816192016535966,0.880035036945133,bedroom
211,233,0.566126660670151,0.743561481610424,0.91115978652548,bedroom
211,234,0.527298476098426,0.717128349106704,0.904037178598443,bedroom
211,235,0.395996960644367,0.752990962051639,0.897985787782357,bedroom
211,236,0.538765359732563,0.828761120702138,0.731360064825183,bedroom
211,237,-0.211853053885644,0.690488900069103,1.0238738367939,bedroom
211,238,0.234252844316799,0.97374518495444,0.763542337643914,bedroom
211,240,0.43611639829203,0.784941593103796,1.0022404566383,bedroom
211,241,0.497037239880874,0.766576638505776,1.01796962639153,bedroom
211,242,0.554087491939936,0.828378563779485,1.10519346060703,bedroom
211,243,0.196936893815965,0.81573434902747,0.900484665028992,bedroom
211,244,0.38863174985511,0.872323768892733,0.996755589964616,bedroom
212,213,0.923274848003991,0.751183202562763,0.942300053620274,bedroom
212,214,0.246150330460758,0.886891206251003,0.914988834639322,bedroom
212,216,0.317957663204288,0.715096853178404,0.923638152685689,bedroom
212,218,0.0125336694807498,0.812885117170923,0.751454511902858,bedroom
212,219,0.520180273363132,0.725528887949324,0.759726963670019,bedroom
212,220,0.497159030326759,0.853521504251429,0.889788569570654,bedroom
212,221,0.564044868281563,0.668216811167052,0.956112984699653,bedroom
212,222,0.609696703509985,0.764269403789846,0.937763286489382,bedroom
212,224,0.310548905328295,0.772064933497577,0.847404284790154,bedroom
212,225,0.426797014544308,0.695173444991067,0.858997192597128,bedroom
212,226,0.0943485875009519,0.742489567717262,1.00560339504275,bedroom
212,227,0.441672738203137,0.763120993336899,0.940258791704698,bedroom
212,228,0.279883354275733,0.806456070474243,0.786923025628728,bedroom
212,229,0.512121652546828,0.650198485101281,0.770338428979143,bedroom
212,230,0.275737621999088,0.86457662659743,0.88787540026883,bedroom
212,231,0.60466413343453,0.702896118025193,0.922680617001995,bedroom
212,232,0.62801905716212,0.862953605952466,0.846798372270201,bedroom
212,233,0.552159356321065,0.764648309164999,0.888982789830016,bedroom
212,234,0.715505599950843,0.735121597683758,0.981486596722849,bedroom
212,235,0.63823630818726,0.724628926489194,0.889078836886943,bedroom
212,236,0.185185494574198,0.785322555738397,0.621907021962909,bedroom
212,237,0.106474979623363,0.600153167798646,1.01494145672183,bedroom
212,238,0.217684200910905,0.813348957670443,0.728941674285227,bedroom
212,240,0.506209788649658,0.684778018430379,0.890247636595628,bedroom
212,241,0.266649239809025,0.674325098333568,1.04601981896709,bedroom
212,242,0.678126570305594,0.789584445777071,0.920854556429111,bedroom
212,243,0.0391556526913194,0.754856675447377,0.696490105609224,bedroom
212,244,0.639222233475009,0.802411551464515,0.985473463961771,bedroom
213,214,0.230504056542431,0.887952645455424,1.01447058181223,bedroom
213,216,0.41845760490708,0.801177614924604,0.901674637939922,bedroom
213,218,-0.13248644570255,0.668742514793842,0.899962532006036,bedroom
213,219,0.538638648487401,0.793358912779921,0.877844958006482,bedroom
213,220,0.678421423371905,0.710324464511773,0.899690844295187,bedroom
213,221,0.601279188466563,0.728194964441198,0.900873089494737,bedroom
213,222,0.775194775547744,0.773109362636793,1.06659310137533,bedroom
213,224,0.328173633052023,0.745697748826102,0.886929293230939,bedroom
213,225,0.596157548995149,0.764009274149693,0.991382760337538,bedroom
213,226,-0.0069628976368001,0.818007927998162,0.927214651216049,bedroom
213,227,0.64133863408395,0.742198666105254,1.04301391294576,bedroom
213,228,0.390636435106814,0.914060468411138,0.924832098456825,bedroom
213,229,0.668016263169501,0.668577768039126,0.808815714019647,bedroom
213,230,0.457204568670062,0.938163215715967,0.900875908506758,bedroom
213,231,0.767583684746995,0.77565193579218,1.01912765043,bedroom
213,232,0.634864280560759,0.725520943288554,0.975460312140549,bedroom
213,233,1.02836881611116,0.700465919891873,0.991840274277488,bedroom
213,234,0.697812095368352,0.732276588132689,1.00128629233629,bedroom
213,235,0.649855421960512,0.70351292100987,0.933907212613623,bedroom
213,236,0.268917249567931,0.771080115715882,0.763800582313533,bedroom
213,237,0.0257920322063441,0.676596762670062,0.977378017898686,bedroom
213,238,0.382524634733128,0.863729303526839,0.800721039583216,bedroom
213,240,0.613386575686269,0.765660443827119,1.06574566020753,bedroom
213,241,0.357816517790029,0.739708404670517,1.04092334040592,bedroom
213,242,0.774197754788397,0.801259415691786,1.07542111022179,bedroom
213,243,0.0791565083709728,0.696291987324485,0.898436333496052,bedroom
213,244,0.755008159972309,0.890202126816764,1.03914773763829,bedroom
214,216,0.0353087836069767,0.881214555508171,0.884710708254908,bedroom
214,218,-0.158185074338729,0.725218523087765,0.789257368034639,bedroom
214,219,0.279675845901448,0.817721070517221,0.899110863392491,bedroom
214,220,0.353034141418798,0.897719016049876,0.883698746090329,bedroom
214,221,0.299811889537472,0.819990680108209,0.833385809606119,bedroom
214,222,0.272221009193766,0.905652829223026,1.05154677911688,bedroom
214,224,0.188665665912147,0.842263754349884,0.906273609243258,bedroom
214,225,0.292900149983854,0.924660574060773,0.986040693022127,bedroom
214,226,0.318063745918201,0.933943986352028,0.875877349141321,bedroom
214,227,0.267061405294284,0.91001619494607,0.999267133721189,bedroom
214,228,0.211150261286013,0.934192453860532,0.818133975073604,bedroom
214,229,0.140607225448947,0.859278782673006,0.783181745849855,bedroom
214,230,0.306962296608342,0.978798184741724,0.981495290670131,bedroom
214,231,0.294363984001981,0.866257950347071,0.982696702751591,bedroom
214,232,0.417547051296085,0.814028259271733,0.918311760982393,bedroom
214,233,0.239532387723731,0.766484082564619,0.959301657804673,bedroom
214,234,0.172989702799919,0.768696714218037,0.941206718730307,bedroom
214,235,0.338563649216666,0.834537588780441,0.899109396316503,bedroom
214,236,0.0730709501082261,0.802198305262565,0.677319844547815,bedroom
214,237,-0.0977410377419763,0.73342905216846,0.903097397682887,bedroom
214,238,0.172495038724862,1.03403749768967,0.713667704038144,bedroom
214,240,0.332128658948779,0.870798035805289,0.991801587003816,bedroom
214,241,0.14590046838131,0.786136345517547,1.01016649795407,bedroom
214,242,0.0415605269777325,0.841063783839471,1.0165280110514,bedroom
214,243,-0.167355437901518,0.815029447781137,0.84235271142389,bedroom
214,244,0.227165908917744,0.809070131315885,0.953386700495485,bedroom
216,218,0.198534376577629,0.628808785048685,0.802512099752556,bedroom
216,219,0.337274503450523,0.742025363220437,0.884786169836337,bedroom
216,220,0.407122160767839,0.656691565173385,0.831822200023353,bedroom
216,221,0.128871992403738,0.73303493333558,1.04946238562688,bedroom
216,222,0.410625435382321,0.801581579366843,0.88080242340048,bedroom
216,224,0.344809920020988,0.746708451969445,0.985151454242267,bedroom
216,225,0.356075664607966,0.858199241014527,0.82910107972756,bedroom
216,226,-0.0594697688535595,0.846655377129738,1.02346544307772,bedroom
216,227,0.354228274734053,0.836351628708185,0.955417173088403,bedroom
216,228,0.0947361850760608,0.854711062079161,0.941939706438797,bedroom
216,229,0.233239024783914,0.74083315182262,1.00300878114559,bedroom
216,230,0.167849245621802,0.741839836576054,1.00652531175919,bedroom
216,231,0.202232403967364,0.786714729256866,0.884517180209081,bedroom
216,232,0.158185074338729,0.80792905942434,0.89648338260749,bedroom
216,233,0.392755740010046,0.732405469822448,0.900665494439941,bedroom
216,234,0.35477138324756,0.661950141244486,0.982127079769648,bedroom
216,235,0.363270176590105,0.813558241585574,0.866324123134605,bedroom
216,236,0.206637181334201,0.857903308511962,0.763618988722301,bedroom
216,237,-0.244621255762788,0.760475483110584,0.892093930607645,bedroom
216,238,0.146390989913094,0.924782615868532,0.864067903007044,bedroom
216,240,0.241362965078975,0.875643059127303,0.928357448313773,bedroom
216,241,0.454738569398294,0.620978076993469,1.05225534709937,bedroom
216,242,0.594411834194205,0.766675125262767,0.9107932986759,bedroom
216,243,0.0846675234399009,0.81678821298666,0.824226343782451,bedroom
216,244,0.629830040406524,0.757247893411133,1.03063945529423,bedroom
218,219,-0.0517628682284755,0.802983465511434,0.854412312016938,bedroom
218,220,-0.0541705718979821,0.712827629808748,0.791454888896193,bedroom
218,221,-0.0517628682284755,0.70431234994142,0.853926562079342,bedroom
218,222,0.00408165531958047,0.665705539912963,0.883890374902692,bedroom
218,224,-0.125553554971428,0.609481271404678,0.853129049041468,bedroom
218,225,0.0630365428994332,0.631246792083277,0.802289734914932,bedroom
218,226,-0.114543954092864,0.601674812051519,0.807787274955065,bedroom
218,227,-0.0312706929638397,0.602043859837976,0.920941353838772,bedroom
218,228,-0.122725297926906,0.720130336519039,0.903748145202909,bedroom
218,229,-0.0970623707374352,0.581944335820425,0.81369591474022,bedroom
218,230,-0.234252844316799,0.792511491083207,0.805531175456566,bedroom
218,231,-0.0425226096782541,0.67032664270321,0.968767173618233,bedroom
218,232,-0.0568679464433455,0.698649190052111,0.886853722022956,bedroom
218,233,-0.0550374973862057,0.601889659426602,0.893438126216407,bedroom
218,234,0.0745193858233262,0.698621533968225,0.857030757048535,bedroom
218,235,-0.0384823701969361,0.612113295256888,0.873088158112584,bedroom
218,236,-0.16775047759714,0.73047090870991,0.870747065955245,bedroom
218,237,-0.063904375385918,0.576665501822932,0.881395616878043,bedroom
218,238,0.0259842377954615,0.731347475545673,0.830769788918424,bedroom
218,240,-0.0609155710744289,0.692254092385276,0.952495183535742,bedroom
218,241,0.155429333044207,0.605143288381516,0.846684791618838,bedroom
218,242,0.0932828395382431,0.740026413334114,0.953150681624454,bedroom
218,243,-0.290393553221006,0.645973563374525,0.83660999281549,bedroom
218,244,-0.0516665727376621,0.723271395194979,0.893541334109056,bedroom
219,220,0.306435501490806,0.716723330629337,0.761802439601892,bedroom
219,221,0.438197041872199,0.828611420089242,0.861669055743011,bedroom
219,222,0.389522352947457,0.710787682531099,0.967054556436972,bedroom
219,224,0.37523181143515,0.688017174838928,0.903829131387461,bedroom
219,225,0.352491673226883,0.653223800058224,0.871039193771287,bedroom
219,226,-0.0111889422903984,0.760180887969424,0.763300743048047,bedroom
219,227,0.440281260037078,0.691036440874597,0.915875364616518,bedroom
219,228,0.0290597979465801,0.733233093416879,0.872155245072323,bedroom
219,229,0.36043170807516,0.704511171823742,0.832081085945785,bedroom
219,230,0.394431249320355,0.834727046847751,0.915769917714178,bedroom
219,231,0.423477444785329,0.704695875613058,0.964686086162614,bedroom
219,232,0.493268471507632,0.681317833163023,0.942670881143233,bedroom
219,233,0.581090234078354,0.636464091591843,0.948098360010283,bedroom
219,234,0.319337279678545,0.727046203403203,0.901175401497063,bedroom
219,235,0.638517889262459,0.658684414502913,0.889336191961994,bedroom
219,236,0.073264057055979,0.813273638539547,0.799676452847636,bedroom
219,237,-0.0757749490636005,0.66850115033924,0.833374546291546,bedroom
219,238,0.194043977822399,0.845295323083939,0.763999407825191,bedroom
219,240,0.501797231892369,0.689913421774895,0.947200938778445,bedroom
219,241,0.318488146075747,0.722331965248164,0.873503375647616,bedroom
219,242,0.347185960227921,0.734710473176263,0.911836314579969,bedroom
219,243,0.138355087775266,0.687039917041781,0.871558553776688,bedroom
219,244,0.301071545722865,0.759964213926727,0.90566467663602,bedroom
220,221,0.363160901200729,0.648815382357903,0.887919556526073,bedroom
220,222,0.677389886301937,0.752915246415976,0.933253202466774,bedroom
220,224,0.161633109831595,0.761134625236673,0.806364239228961,bedroom
220,225,0.434154603764496,0.773072930365216,0.845872073214606,bedroom
220,226,0.152774227611481,0.803735802213156,0.906401587479606,bedroom
220,227,0.474973307587824,0.762727802332017,0.875126026080572,bedroom
220,228,0.0892155417671564,0.756166258809409,0.919884381574619,bedroom
220,229,0.27584115216122,0.649083514016527,0.850779585574619,bedroom
220,230,0.38596345371565,0.817202998907412,0.856576858547266,bedroom
220,231,0.562097202389238,0.766779034700856,0.882313437270721,bedroom
220,232,0.504123823233333,0.692926523576653,0.774698311494212,bedroom
220,233,0.663657502978679,0.669269446845455,0.878993622901738,bedroom
220,234,0.552159356321065,0.719788847152191,0.882901210465051,bedroom
220,235,0.46510736503698,0.68699137987298,0.821200872291581,bedroom
220,236,0.408025321990089,0.673505652952395,0.694341563576883,bedroom
220,237,-0.0862153833705688,0.637113991114467,0.94409043791328,bedroom
220,238,0.261401828945582,0.839308166415261,0.730636063457397,bedroom
220,240,0.53965278131291,0.636887854844522,0.835325792974238,bedroom
220,241,0.37346960877665,0.767857739224333,0.945988817096355,bedroom
220,242,0.511257457562234,0.707532638024765,1.00153889336628,bedroom
220,243,0.00648268384769488,0.710369633376054,0.755961265475663,bedroom
220,244,0.475212100310503,0.706798337405589,0.961845684206923,bedroom
221,222,0.519060774103109,0.77624394051506,0.930764596346126,bedroom
221,224,0.339316151663095,0.655569421466923,0.927186640426893,bedroom
221,225,0.0974501695004074,0.64057612600854,0.814964400265046,bedroom
221,226,-0.0966746010749533,0.844179072473737,1.04812602908475,bedroom
221,227,0.416978287689341,0.646784421787,0.924994147172885,bedroom
221,228,0.278534968854183,0.825473284622982,0.97070995725546,bedroom
221,229,0.458616049134827,0.719597525887232,0.99729175916284,bedroom
221,230,0.100941687695271,0.700538739776371,0.937159827721897,bedroom
221,231,0.46168013911706,0.671868851374251,0.909874387377503,bedroom
221,232,0.451926609629731,0.622068231016619,0.886239361110154,bedroom
221,233,0.435769969981085,0.577999651283545,0.950900085301367,bedroom
221,234,0.373359544798248,0.637085110166662,1.07700473953291,bedroom
221,235,0.531567824437506,0.576954925306486,0.922849496999724,bedroom
221,236,0.0297326479798754,0.795589151397145,0.792586551509027,bedroom
221,237,-0.0811863065074811,0.558510116159445,0.960686824696735,bedroom
221,238,0.192548902641865,0.830100917838897,0.851800595359031,bedroom
221,240,0.336415672992146,0.698972412804182,0.899557853770393,bedroom
221,241,0.311922299840581,0.561123864671125,1.0526371739407,bedroom
221,242,0.383078697717442,0.721008535415337,0.921410602585024,bedroom
221,243,-0.0233896184945165,0.607680651425532,0.768335566336869,bedroom
221,244,0.399919348957757,0.776940654175669,1.08129495819137,bedroom
222,224,0.392309292028552,0.817145942554986,0.961297734522243,bedroom
222,225,0.251255448628818,0.732657039423965,0.993145476786265,bedroom
222,226,0.0834101855370375,0.896747611978263,0.943610053360279,bedroom
222,227,0.461562139874824,0.728875027664073,1.0388891200662,bedroom
222,228,0.156905329177353,0.876282719821952,0.986312813284829,bedroom
222,229,0.3083327382891,0.764199098142258,0.846808254627954,bedroom
222,230,0.192648547799689,0.797235884059253,0.964074638099272,bedroom
222,231,0.475450943496988,0.744204097066427,1.09882925411747,bedroom
222,232,0.652855952853322,0.812719289698255,0.996403609044729,bedroom
222,233,0.553701565498237,0.732635436910776,1.06763330973939,bedroom
222,234,0.564825020784768,0.662871460764078,1.02828748746841,bedroom
222,235,0.363598052655416,0.793303008455323,0.969175625846019,bedroom
222,236,0.0683414933934337,0.771416669476638,0.773035367820501,bedroom
222,237,-0.161337415723996,0.636275865629632,1.01806285191489,bedroom
222,238,0.12301778490497,0.930356954089877,0.752696464252319,bedroom
222,240,0.351515732172251,0.786646636663923,1.02436660640815,bedroom
222,241,0.230909022329648,0.660082142658163,1.05030882568627,bedroom
222,242,0.63010897811772,0.768910924864368,1.0485283409748,bedroom
222,243,-0.0496445858021748,0.697766151224963,0.93538808547971,bedroom
222,244,0.481198432205448,0.74406843223215,1.08520006035184,bedroom
224,225,0.0223326436115331,0.678280034220344,0.905757118071313,bedroom
224,226,0.248701301716925,0.851089519263799,0.965878036034354,bedroom
224,227,0.366004772592083,0.705218388694141,0.996129129708581,bedroom
224,228,0.171011546897478,0.812346556641692,0.882343996112472,bedroom
224,229,0.274495708973361,0.702516537012817,0.954935439362584,bedroom
224,230,0.219597559242429,0.800576982823577,0.977977484316259,bedroom
224,231,0.141488881350396,0.672097452935898,0.927538258805998,bedroom
224,232,0.19005899552249,0.859303977479229,0.963050576368735,bedroom
224,233,0.315837458907855,0.886159543124168,0.897712549380597,bedroom
224,234,0.284870654466188,0.705120020169799,0.88878832566622,bedroom
224,235,0.457792478123945,0.802937867615743,0.89187137831217,bedroom
224,236,0.0721054966745352,0.812824269710472,0.801757353482811,bedroom
224,237,-0.190158546912468,0.631764783917986,0.854188961825667,bedroom
224,238,0.0826365701460857,0.924281900453117,0.839822695982951,bedroom
224,240,0.469970241378874,0.648495800960127,0.93284279016905,bedroom
224,241,0.181213574478271,0.665539933282076,1.02506900141255,bedroom
224,242,0.204233605916964,0.723596379875512,0.971598695174784,bedroom
224,243,0.127310027560382,0.753915582694837,0.862274137075211,bedroom
224,244,0.371050193044539,0.715368919097497,0.984335749780334,bedroom
225,226,0.145115778816148,0.757063282921098,0.814954502228742,bedroom
225,227,0.344378315583496,0.861344104884751,0.958590141250556,bedroom
225,228,0.159169843263488,0.84070324295645,0.776728854210161,bedroom
225,229,0.616541578071076,0.629420433476066,0.760687336459479,bedroom
225,230,0.361741076079755,0.801445476151153,0.906095269612126,bedroom
225,231,0.512121652546828,0.907700243577969,0.924473747490599,bedroom
225,232,0.297295341911887,0.680518574877992,0.924830195214413,bedroom
225,233,0.633743105024131,0.676375074044083,0.859419792494191,bedroom
225,234,0.570042045917333,0.651741414496368,0.878368962687574,bedroom
225,235,0.405768598254053,0.772208734926651,0.921751317586638,bedroom
225,236,0.227974697197265,0.658923846857997,0.710625193458384,bedroom
225,237,-0.019642381714501,0.754006558246699,0.887282506899216,bedroom
225,238,0.271187964288715,0.844079480484901,0.665430147464551,bedroom
225,240,0.548058423175962,0.888207301776331,1.01001213627459,bedroom
225,241,0.142076773284753,0.656179398867928,0.929803583989704,bedroom
225,242,0.467595529120953,0.686856969685566,0.997344057291282,bedroom
225,243,-0.0119573525610635,0.768398985210516,0.831541602297654,bedroom
225,244,0.420508754299827,0.667336537149742,0.913292917493973,bedroom
226,227,0.0348280007423634,0.809495756403915,0.923802580483394,bedroom
226,228,0.0188737893734482,0.946087246426463,0.964404637764203,bedroom
226,229,-0.0484893478355097,0.804501871756236,0.959615027969165,bedroom
226,230,0.35553207295333,0.873652054884414,0.95022740691839,bedroom
226,231,-0.0962868603930852,0.731672225092108,0.910538102837354,bedroom
226,232,0.101523843655536,0.740301123735404,0.847044903480698,bedroom
226,233,0.0976440798320532,0.74427193820388,0.962766995947261,bedroom
226,234,0.181610510068841,0.725888514288683,1.07675187852237,bedroom
226,235,0.105018233988503,0.700162964052066,0.879217375718541,bedroom
226,236,0.0329050279946112,0.847356879902729,0.70283467981483,bedroom
226,237,0.168244350186075,0.69280595795003,1.03233519569421,bedroom
226,238,0.174276222416315,0.953819792928618,0.800931305240283,bedroom
226,240,0.271601114334842,0.770374424714088,0.892988118460258,bedroom
226,241,0.0295404023935358,0.728424699786783,1.17216991888667,bedroom
226,242,0.0112849928330657,0.767644739523602,0.966435680918722,bedroom
226,243,-0.176058501543982,0.7573758658538,0.792021089268744,bedroom
226,244,0.0138784419993319,0.811986360126999,1.05208320722786,bedroom
227,228,0.307383851676894,0.752249263453157,0.89604589979905,bedroom
227,229,0.447138263909721,0.689449689466229,0.910693595790072,bedroom
227,230,0.533835261783555,0.770996872607764,0.980601101050124,bedroom
227,231,0.37876292118669,0.754475762003912,1.03233713469987,bedroom
227,232,0.405430428031854,0.727757938827727,1.03989614417398,bedroom
227,233,0.565085210022738,0.706139522371319,0.9623128192586,bedroom
227,234,0.436462925142161,0.66600762662421,0.97586782253343,bedroom
227,235,0.523545984239862,0.766511837982431,0.934925908975394,bedroom
227,236,0.409494306709451,0.7542770368633,0.769494906579875,bedroom
227,237,-0.156610075898533,0.702220925845363,0.924812812511173,bedroom
227,238,0.304014362121585,0.841021523724176,0.84983620808844,bedroom
227,240,0.37017143594811,0.760250123007198,1.02010007950761,bedroom
227,241,0.384298426922738,0.667126363117377,1.0651924228921,bedroom
227,242,0.40486700635956,0.713413767852152,1.03655436757563,bedroom
227,243,0.0573497063398279,0.783535853019256,0.872040525774013,bedroom
227,244,0.436231896287091,0.714786250472837,1.05729933930496,bedroom
228,229,0.373909951233991,0.733087060524406,0.989112639787807,bedroom
228,230,0.301386604614353,0.976255181814192,0.949957601400807,bedroom
228,231,0.123310292827003,0.84346570660942,0.983694930016179,bedroom
228,232,0.156905329177353,0.814639682883758,0.883967902460555,bedroom
228,233,0.266443190260716,0.792742502494089,0.93282494616711,bedroom
228,234,0.300021767985308,0.707014997678485,0.991760799618521,bedroom
228,235,0.0224287301401814,0.719049110182046,0.867417385730994,bedroom
228,236,0.287890501318028,0.82640324792069,0.847037631314541,bedroom
228,237,-0.100359599914989,0.652096531315002,0.880822434677082,bedroom
228,238,0.273564816220482,0.940722784807235,0.841518996176375,bedroom
228,240,0.240345782490691,0.864094779147474,0.920175819860678,bedroom
228,241,0.284350503622554,0.753548975829449,0.965621419269478,bedroom
228,242,0.233847259861415,0.766135999708304,0.93318987809846,bedroom
228,243,0.136202173637919,0.70678867993021,0.907830589460444,bedroom
228,244,0.318063745918201,0.930524664479128,0.992017339566706,bedroom
229,230,0.299287305567278,0.66748378901646,0.993872160763498,bedroom
229,231,0.592133866623302,0.587788908217566,0.84118381593703,bedroom
229,232,0.263457944840281,0.667423981833672,0.879414688576728,bedroom
229,233,0.572529982515894,0.65490163838228,0.834977461415426,bedroom
229,234,0.57607652779807,0.706569996910672,0.883301419636431,bedroom
229,235,0.430930250463112,0.864203806566653,0.818861403294844,bedroom
229,236,0.16261895956437,0.786009061615235,0.805067438241801,bedroom
229,237,0.0154153866242824,0.720677365720016,0.811753473689501,bedroom
229,238,0.0751954289452203,0.903659415836576,0.844074048587089,bedroom
229,240,0.513233796578913,0.708230510086845,0.869007001072952,bedroom
229,241,0.119606726284835,0.585791778575177,0.95203930174194,bedroom
229,242,0.424849987701224,0.68259364304287,0.882333610732851,bedroom
229,243,0.0792531505352266,0.810571640411097,0.79647419928406,bedroom
229,244,0.555632700367381,0.690670228576094,0.943394238947723,bedroom
230,231,0.39387251253084,0.84458312588488,0.951800849354495,bedroom
230,232,0.354011087513578,0.80005444829312,0.975129726704084,bedroom
230,233,0.708137856098291,0.771316755808434,0.927624885732002,bedroom
230,234,0.405881341222733,0.820191328660224,0.954194472811842,bedroom
230,235,0.41357104316323,0.680438947484572,0.892405186505123,bedroom
230,236,0.542319716186818,0.797354973402209,0.774933589268466,bedroom
230,237,-0.0586024070907273,0.701131309224491,0.824539534268465,bedroom
230,238,0.469138530932072,0.893483846287487,0.798557436702556,bedroom
230,240,0.649998070960585,0.76590583259619,0.955200609006394,bedroom
230,241,0.204333708252409,0.851612012003787,0.965850671473673,bedroom
230,242,0.209344021943889,0.761486456658047,0.94576360908441,bedroom
230,243,0.186278781026179,0.712155372696415,0.826766543683178,bedroom
230,244,0.38418749743132,0.875522337115174,0.981094797380946,bedroom
231,232,0.626211718060391,0.648143379945479,1.04684661265681,bedroom
231,233,0.595351430241816,0.683040444345262,1.0282073041416,bedroom
231,234,0.41379790947367,0.692276141390581,1.06229041572459,bedroom
231,235,0.577525170182492,0.726496396682161,0.94993640601866,bedroom
231,236,0.294991716699458,0.692360435366498,0.807105554900614,bedroom
231,237,-0.0738434106846304,0.699176801183937,0.959461328815117,bedroom
231,238,0.182007502274832,0.82260435293741,0.838281878659958,bedroom
231,240,0.547419168607997,0.797171938393189,1.0413453577387,bedroom
231,241,0.25473425543947,0.708080191326336,0.981607356190225,bedroom
231,242,0.536486968313,0.655557748449718,1.05946694669718,bedroom
231,243,-0.000144057624045743,0.742637632104679,0.874898953129819,bedroom
231,244,0.627323496726157,0.729663758130612,1.03471890029732,bedroom
232,233,0.572923400001732,0.909379405785409,0.93259583978521,bedroom
232,234,0.512121652546828,0.65993659913538,0.987027418496899,bedroom
232,235,0.510393965409444,0.823732427269581,0.940843313839916,bedroom
232,236,0.180519073013128,0.839304119097006,0.805388877801498,bedroom
232,237,0.0333857478209418,0.6288653231978,0.820973522654161,bedroom
232,238,0.139432021723332,0.829916424599591,0.788563621885565,bedroom
232,240,0.535349679863158,0.694335408048861,0.959834086647401,bedroom
232,241,0.262635238079612,0.637426331811238,0.957220195738196,bedroom
232,242,0.681227664971919,0.808938596039355,0.985486236542471,bedroom
232,243,-0.0720089587405593,0.732325930073975,0.833895516350764,bedroom
232,244,0.365676344869627,0.729245886600779,1.00575170787668,bedroom
233,234,0.814783976882741,0.708139367159775,1.12692262385752,bedroom
233,235,0.558859653151597,0.877314347203943,0.90196035706149,bedroom
233,236,0.278846046925342,0.771864745693596,0.769861515609689,bedroom
233,237,0.0211796369195708,0.719330578794944,0.969997484937988,bedroom
233,238,0.595754402863008,0.801008595305772,0.763034029306009,bedroom
233,240,0.696455065362078,0.720592138888376,0.936049950107315,bedroom
233,241,0.389745095649097,0.668610696760636,0.977097473848634,bedroom
233,242,0.634023266724781,0.617191725127714,1.02379022390887,bedroom
233,243,0.169726456921932,0.773459364846924,0.838767036830627,bedroom
233,244,0.586928660061111,0.736936151507086,1.06360278366611,bedroom
234,235,0.366333275943474,0.778129182193228,0.94814877684913,bedroom
234,236,0.300546576457246,0.806446929857406,0.753220159179842,bedroom
234,237,-0.0375205983986575,0.70608834222152,1.00189506106569,bedroom
234,238,0.492783124462726,0.819043700024215,0.798566162603421,bedroom
234,240,0.512615794636858,0.667448193302247,0.949887172106044,bedroom
234,241,0.123505309769729,0.591953892035016,1.07248088474836,bedroom
234,242,0.633603057171571,0.59508957817405,0.988272240537288,bedroom
234,243,0.0901836740112314,0.735941734087045,0.807606204842254,bedroom
234,244,0.507438727291803,0.759194147115386,1.12232042359765,bedroom
235,236,0.304961351235596,0.756932136135012,0.758331935111921,bedroom
235,237,-0.0819597376561888,0.892655768506396,0.907851263847602,bedroom
235,238,0.14139090881697,0.928895610119024,0.743774769736472,bedroom
235,240,0.52529545855769,0.809719946628641,0.973877916138937,bedroom
235,241,0.499231560306398,0.638734923734068,0.949759496582105,bedroom
235,242,0.5288032877504,0.663779553030586,0.965587193165094,bedroom
235,243,-0.0310784294015419,0.877031596027059,0.846666961071869,bedroom
235,244,0.576471395580555,0.644917906127839,0.938091930401636,bedroom
236,237,-0.594009438191847,0.736859598695864,0.703087623528691,bedroom
236,238,0.0956083835740398,0.933740469851593,0.818191325936288,bedroom
236,240,0.244009940170383,0.797305146939275,0.830217054670001,bedroom
236,241,0.420052654800188,0.604055848805736,0.702391555624929,bedroom
236,242,0.174276222416315,0.789994674762663,0.786594157142695,bedroom
236,243,0.244723159114675,0.780503879941575,0.745356003114452,bedroom
236,244,0.385297198658107,0.857206127661236,0.819982357434172,bedroom
237,238,0.0853446619242203,0.827827402371792,0.747894009278422,bedroom
237,240,-0.0461792567271941,0.755331015676056,0.9382891152724,bedroom
237,241,-0.299287305567278,0.692687364454341,1.05176166528883,bedroom
237,242,0.0902804964794608,0.591004892944123,1.0350872832838,bedroom
237,243,-0.0259842377954615,0.794862797539509,0.783595217239858,bedroom
237,244,-0.252175726481753,0.61940112076356,1.01468739745081,bedroom
238,240,0.31297953317549,0.880003744858817,0.821949107743911,bedroom
238,241,0.133659435813844,0.758312648776965,0.862859403231494,bedroom
238,242,0.151693132537777,0.786870107922251,0.76649357235672,bedroom
238,243,0.13933410539425,0.872773871298876,0.715306825726741,bedroom
238,244,0.261093598277339,0.830412507991517,0.912914200047916,bedroom
240,241,0.174276222416315,0.612784012538642,1.01053922068537,bedroom
240,242,0.39577317469764,0.683359154662606,1.00640820961525,bedroom
240,243,0.124480535001354,0.740160105707209,0.913746378700409,bedroom
240,244,0.420394713931233,0.703372230833806,0.970181569224588,bedroom
241,242,0.39208612384579,0.629733639957823,1.05589853188284,bedroom
241,243,0.0349241560206206,0.683453419573885,0.85917604786174,bedroom
241,244,0.439701950412795,0.625933063554666,1.14971546352448,bedroom
242,243,0.0851511858458964,0.706236120578728,0.900199916960113,bedroom
242,244,0.487096297657707,0.737213041222674,1.06740858736494,bedroom
243,244,0.136984905293899,0.669290632280642,0.828980795853536,bedroom
