RDM11,RDM12,RDM13,RDM14,RDM15,RDM16,RDM17,RDM18,RDM19,RDM110,RDM111,RDM112,RDM113,RDM114,RDM115,RDM116,RDM117,RDM118,RDM119,RDM120,RDM121,RDM122,RDM123,RDM124,RDM125,RDM126,RDM127,RDM128,RDM129,RDM130,RDM131,RDM132,RDM133,RDM134,RDM135
0,3.65,2.65,3.95,4.6,4.7,4.5,3,4.35,3.75,3,3.85,3.8,4.4,3.35,3.9,3.25,3.9,2.95,3.8,4.3,2.95,4.3,4.55,3.9,4.65,3.9,3.2,3.25,3.2,4.6,4,4.4,3.75,3.55
3.65,0,4.25,4.5,4.25,4.55,3,4.25,2.5,3.4,3.1,3.4,3.6,4.45,2.9,2.5,4.3,4.5,2.3,3.65,3.4,4.1,3.4,2.6,3.05,5.15,4.2,3.9,4.15,4.5,4.6,3,3.45,4.3,4.15
2.65,4.25,0,4.3,4.5,4.35,4.75,2.5,4.55,3.8,3.4,3.55,4,4.1,3.7,4.05,2.4,3.1,3.8,4.05,4.2,2.9,3.2,4.4,3.75,4.9,3.2,3.25,3.6,3.25,4.3,3.7,3.9,3.45,2.55
3.95,4.5,4.3,0,4.55,4.95,4.15,3.25,4.35,4.25,3.9,3.35,4,3.5,4.35,4.25,4.3,4.05,4.2,3.25,4.7,4.6,4.15,4.6,4.05,5.2,3.35,3.65,2.6,3.85,4.9,3.75,4.35,2.55,4.25
4.6,4.25,4.5,4.55,0,3.95,4.4,4.15,4.35,4.25,4.5,4.25,4.5,4.15,3.75,4.4,4.65,4.55,4.05,4.05,4.45,4.9,4.6,4.4,4.6,5.25,4.45,4.35,4.4,4.7,4.55,4.3,3.4,4.8,4.5
4.7,4.55,4.35,4.95,3.95,0,4.75,4.5,3.8,4.3,4.5,4.7,4.25,3.4,4,4.35,4.5,4.3,4.55,4,4.1,4.75,4.15,4,3.75,4.75,3.8,4.75,4.65,4.6,4,4.25,3.8,4.7,4.35
4.5,3,4.75,4.15,4.4,4.75,0,5.1,2.4,3.55,4.75,3.4,3.5,4.85,4.25,3.1,4.9,4.75,2.8,3.85,3.6,4.75,3.7,2.5,3.8,5.35,4.5,4.8,4.6,4.65,5,2.95,4.45,4.75,4.8
3,4.25,2.5,3.25,4.15,4.5,5.1,0,3.8,4,3.3,3.75,3.5,4.1,2.8,3.95,2.65,2.9,3.95,3.65,3.95,2.95,3.55,3.85,4.05,4.85,2.95,2.55,2.7,2.45,4.35,4.15,4.4,2.55,2.7
4.35,2.5,4.55,4.35,4.35,3.8,2.4,3.8,0,3.2,4.3,3.35,3.5,4.75,2.75,2.65,4.5,4.5,2.25,3.55,3,4.6,3.55,2.35,2.45,5.25,4.8,4.45,4.1,4.5,4.5,3.4,3.85,4.6,4.25
3.75,3.4,3.8,4.25,4.25,4.3,3.55,4,3.2,0,3.6,3.55,3.85,3.55,3,3,3.7,4.3,3,3,2.5,4.3,3.45,3.5,3.1,5.2,3.5,3.85,2.75,3.95,5,3.2,2.6,3.85,3.45
3,3.1,3.4,3.9,4.5,4.5,4.75,3.3,4.3,3.6,0,4.1,3.4,3.7,4.05,4.15,3.1,2.85,3.55,3.35,4.4,2.05,4.15,4.05,4.35,4.6,2.65,2.55,3.05,2.15,4.3,4.1,4.1,3.3,2.75
3.85,3.4,3.55,3.35,4.25,4.7,3.4,3.75,3.35,3.55,4.1,0,3.6,3.65,3.7,3.3,3.85,4.05,3.7,3.85,4.2,4.15,1.75,3.1,3.3,5.1,3.9,3.9,2.75,4.55,5,2.55,3.9,3.6,3.5
3.8,3.6,4,4,4.5,4.25,3.5,3.5,3.5,3.85,3.4,3.6,0,3.95,4.05,3.7,4.2,2.85,3.1,3.6,3.05,3,3.1,3.75,4.05,5.1,4,3.8,3.65,3.6,4.6,3.5,3.95,3.75,3.55
4.4,4.45,4.1,3.5,4.15,3.4,4.85,4.1,4.75,3.55,3.7,3.65,3.95,0,3.95,4.3,2.95,2.95,4.55,3.15,4.15,4.3,4.8,4.4,4.05,4.25,3.15,3.85,4.05,3.1,3.95,4.45,4.15,4.05,3.2
3.35,2.9,3.7,4.35,3.75,4,4.25,2.8,2.75,3,4.05,3.7,4.05,3.95,0,2.9,3.15,3.6,2.85,4,2.85,3,3.25,3.55,2.9,4.7,3.7,3.9,3.2,3.7,4.55,3.2,3.7,3.85,3.4
3.9,2.5,4.05,4.25,4.4,4.35,3.1,3.95,2.65,3,4.15,3.3,3.7,4.3,2.9,0,4.35,4.2,2.3,3.65,3.15,4,2.85,2.35,1.9,5.4,4.15,4.1,3.45,4.05,4.75,2.8,3.35,3.9,3.8
3.25,4.3,2.4,4.3,4.65,4.5,4.9,2.65,4.5,3.7,3.1,3.85,4.2,2.95,3.15,4.35,0,2.7,3.9,3.65,3.35,2.8,3.8,3.95,3.7,4.4,2.95,2.45,2.85,1.75,4.05,4.15,4.05,2.9,2
3.9,4.5,3.1,4.05,4.55,4.3,4.75,2.9,4.5,4.3,2.85,4.05,2.85,2.95,3.6,4.2,2.7,0,4.5,3.25,4,2.9,3.6,4.35,4,4.15,2.2,2.9,3.95,2,3.8,3.75,4.05,3.4,2.8
2.95,2.3,3.8,4.2,4.05,4.55,2.8,3.95,2.25,3,3.55,3.7,3.1,4.55,2.85,2.3,3.9,4.5,0,3.95,2.95,3.7,3.6,3.25,3.4,5.2,4.2,4.5,3.95,4.3,4.5,3.45,3.95,4.35,4.15
3.8,3.65,4.05,3.25,4.05,4,3.85,3.65,3.55,3,3.35,3.85,3.6,3.15,4,3.65,3.65,3.25,3.95,0,3,4.1,3.55,4.15,3.35,4.9,2.45,3.6,2.85,3.3,4.5,3.7,3.85,4.15,3.2
4.3,3.4,4.2,4.7,4.45,4.1,3.6,3.95,3,2.5,4.4,4.2,3.05,4.15,2.85,3.15,3.35,4,2.95,3,0,3.85,3.5,3.15,2.9,4.95,3.5,4.35,3.6,3.85,4.5,3.65,3.55,4.35,3.85
2.95,4.1,2.9,4.6,4.9,4.75,4.75,2.95,4.6,4.3,2.05,4.15,3,4.3,3,4,2.8,2.9,3.7,4.1,3.85,0,3.8,4.7,3.8,4.75,3.45,3.2,3.85,2.9,4.1,4.45,4.35,3.45,2.95
4.3,3.4,3.2,4.15,4.6,4.15,3.7,3.55,3.55,3.45,4.15,1.75,3.1,4.8,3.25,2.85,3.8,3.6,3.6,3.55,3.5,3.8,0,2.3,2.8,5.5,4.3,3.75,3.35,3.95,4.95,2.9,4.25,3.7,3.55
4.55,2.6,4.4,4.6,4.4,4,2.5,3.85,2.35,3.5,4.05,3.1,3.75,4.4,3.55,2.35,3.95,4.35,3.25,4.15,3.15,4.7,2.3,0,2.4,5.4,3.75,4.2,3.9,4.3,4.4,3.5,3.3,4.25,4.3
3.9,3.05,3.75,4.05,4.6,3.75,3.8,4.05,2.45,3.1,4.35,3.3,4.05,4.05,2.9,1.9,3.7,4,3.4,3.35,2.9,3.8,2.8,2.4,0,5.25,3.45,4,3.65,3.75,4.9,3.05,3.6,4,3.8
4.65,5.15,4.9,5.2,5.25,4.75,5.35,4.85,5.25,5.2,4.6,5.1,5.1,4.25,4.7,5.4,4.4,4.15,5.2,4.9,4.95,4.75,5.5,5.4,5.25,0,4.7,4.15,5.15,4.35,4.85,5.5,4.8,4.35,4.85
3.9,4.2,3.2,3.35,4.45,3.8,4.5,2.95,4.8,3.5,2.65,3.9,4,3.15,3.7,4.15,2.95,2.2,4.2,2.45,3.5,3.45,4.3,3.75,3.45,4.7,0,2.75,3.05,1.75,3.95,4.05,3.45,2.95,2.85
3.2,3.9,3.25,3.65,4.35,4.75,4.8,2.55,4.45,3.85,2.55,3.9,3.8,3.85,3.9,4.1,2.45,2.9,4.5,3.6,4.35,3.2,3.75,4.2,4,4.15,2.75,0,2.75,2.65,4.4,4.25,4.4,2.05,2.4
3.25,4.15,3.6,2.6,4.4,4.65,4.6,2.7,4.1,2.75,3.05,2.75,3.65,4.05,3.2,3.45,2.85,3.95,3.95,2.85,3.6,3.85,3.35,3.9,3.65,5.15,3.05,2.75,0,3.35,4.55,3.95,2.95,2.85,2.55
3.2,4.5,3.25,3.85,4.7,4.6,4.65,2.45,4.5,3.95,2.15,4.55,3.6,3.1,3.7,4.05,1.75,2,4.3,3.3,3.85,2.9,3.95,4.3,3.75,4.35,1.75,2.65,3.35,0,4.3,3.95,4.1,3.4,2.35
4.6,4.6,4.3,4.9,4.55,4,5,4.35,4.5,5,4.3,5,4.6,3.95,4.55,4.75,4.05,3.8,4.5,4.5,4.5,4.1,4.95,4.4,4.9,4.85,3.95,4.4,4.55,4.3,0,4.65,4.1,4.5,3.75
4,3,3.7,3.75,4.3,4.25,2.95,4.15,3.4,3.2,4.1,2.55,3.5,4.45,3.2,2.8,4.15,3.75,3.45,3.7,3.65,4.45,2.9,3.5,3.05,5.5,4.05,4.25,3.95,3.95,4.65,0,4.05,3.95,4.05
4.4,3.45,3.9,4.35,3.4,3.8,4.45,4.4,3.85,2.6,4.1,3.9,3.95,4.15,3.7,3.35,4.05,4.05,3.95,3.85,3.55,4.35,4.25,3.3,3.6,4.8,3.45,4.4,2.95,4.1,4.1,4.05,0,4.2,3.25
3.75,4.3,3.45,2.55,4.8,4.7,4.75,2.55,4.6,3.85,3.3,3.6,3.75,4.05,3.85,3.9,2.9,3.4,4.35,4.15,4.35,3.45,3.7,4.25,4,4.35,2.95,2.05,2.85,3.4,4.5,3.95,4.2,0,2.9
3.55,4.15,2.55,4.25,4.5,4.35,4.8,2.7,4.25,3.45,2.75,3.5,3.55,3.2,3.4,3.8,2,2.8,4.15,3.2,3.85,2.95,3.55,4.3,3.8,4.85,2.85,2.4,2.55,2.35,3.75,4.05,3.25,2.9,0
