,101_bat1.png,101_bat2.png,102_bat.png,103_bat.png,104_bat1.png,104_bat2.png,105_bat.png,105_bat2.png,106_bat.png,107_bat.png,107_bat2.png,108_bat.png,109_bat.png,109_bat2.png,110_bat.png,111_bat.png,112_bat.png,112_bat2.png,113_bat.png,114_bat.png,115_bat1.png,115_bat2.png,116_bat1.png,116_bat2.png,117_bat1.png,117_bat2.png,118_bat.png,119_bat.png,120_bat1.png,120_bat2.png,121_bat1.png,121_bat2.png,122_bat1.png,122_bat2.png,123_bat1.png,123_bat2.png,124_bat.png,126_bat.png,127_bat.png,128_bat1.png,128_bat2.png,129_bat.png,130_bat.png,132_bat.png,133_bat.png
101_bat1.png,0.0,0.15681684,0.12529981,0.11119723,0.11089969,0.10671896,0.1062628,0.14544499,0.095716596,0.15825981,0.14694041,0.10227412,0.06345725,0.12899595,0.080468655,0.120584965,0.09162104,0.113209724,0.118502736,0.16992313,0.10041118,0.1065678,0.1855402,0.23145318,0.12862223,0.1847918,0.12129742,0.10403597,0.2333628,0.09826827,0.09373683,0.11116421,0.10769224,0.13866234,0.18030262,0.20196998,0.13000286,0.10115671,0.07126796,0.16435486,0.23167998,0.095089436,0.09165323,0.18415213,0.11123574
101_bat2.png,0.15681684,1.1920929e-07,0.12275708,0.216452,0.17565942,0.17631179,0.09087795,0.12408888,0.12715441,0.112659276,0.105183125,0.11029565,0.09871948,0.17463028,0.12854862,0.12094653,0.1202265,0.18402588,0.090275526,0.17723626,0.10291165,0.17502981,0.11779916,0.13424045,0.093803644,0.18136615,0.09958029,0.1783576,0.17424,0.19101262,0.1604039,0.105401516,0.11261761,0.18088156,0.097596526,0.15322912,0.1166023,0.08479673,0.13600934,0.14050537,0.19761908,0.11339724,0.14011759,0.080244064,0.14700592
102_bat.png,0.12529981,0.12275708,-1.1920929e-07,0.1821214,0.13251239,0.12726605,0.07324028,0.1694721,0.11679399,0.14790154,0.12060279,0.104284346,0.09657657,0.16931105,0.13155329,0.12648308,0.10151684,0.17153203,0.16402912,0.08366758,0.1396665,0.1344418,0.16883731,0.261963,0.13703322,0.24543935,0.11297268,0.12536615,0.27352822,0.16856015,0.16594195,0.11294544,0.09938991,0.13521945,0.18002105,0.2323525,0.10765529,0.097702324,0.11146736,0.15397215,0.27369606,0.09217316,0.121782064,0.14275235,0.1347062
103_bat.png,0.11119723,0.216452,0.1821214,1.7881393e-07,0.13893569,0.14468426,0.17678821,0.16242063,0.0870356,0.1561889,0.22778541,0.14188385,0.14534855,0.10273039,0.11460245,0.14801759,0.17366958,0.102849364,0.1871177,0.1778338,0.1467843,0.13442951,0.26867753,0.26389694,0.2032808,0.20170665,0.13098681,0.1209631,0.18552881,0.23030186,0.07810849,0.12432313,0.19459069,0.10560906,0.24568969,0.16061646,0.14362556,0.124955654,0.132326,0.25704992,0.17820406,0.099663496,0.121917844,0.26561528,0.11885297
104_bat1.png,0.11089969,0.17565942,0.13251239,0.13893569,1.7881393e-07,0.13156426,0.12768525,0.17554247,0.11637002,0.14509308,0.19500172,0.12701869,0.11885595,0.16859639,0.13851571,0.12091601,0.15425467,0.15749037,0.13519508,0.13928562,0.1348573,0.11383885,0.22695416,0.2787497,0.15544903,0.17643934,0.12550664,0.09645069,0.22797841,0.21427286,0.14335537,0.13325858,0.12919855,0.13499522,0.20688993,0.21054107,0.15050137,0.102627635,0.09832442,0.17470986,0.21539831,0.08014232,0.094787896,0.21630359,0.12812674
104_bat2.png,0.10671896,0.17631179,0.12726605,0.14468426,0.13156426,-2.3841858e-07,0.136648,0.15258777,0.096085906,0.22204214,0.18069011,0.09241897,0.10817933,0.16093844,0.10528231,0.10417485,0.10632062,0.1544419,0.14657581,0.15317857,0.1064415,0.08214742,0.20908296,0.25899303,0.14521825,0.2403202,0.1392777,0.076428175,0.28973716,0.16683471,0.14098346,0.09676468,0.115703225,0.09730166,0.1689418,0.24355716,0.11787331,0.13628,0.07338071,0.20072544,0.27361047,0.1342876,0.10354638,0.18850207,0.107866585
105_bat.png,0.1062628,0.09087795,0.07324028,0.17678821,0.12768525,0.136648,0.0,0.11372268,0.11020923,0.13150823,0.1310749,0.06437105,0.07637966,0.16533202,0.11161351,0.10741413,0.10363424,0.17113853,0.12455034,0.14907992,0.10988748,0.13637447,0.13763517,0.22904742,0.11057055,0.206056,0.12796623,0.119274616,0.25390434,0.17226982,0.14962316,0.0976696,0.08808172,0.1734299,0.14646578,0.21354342,0.0855304,0.091314554,0.099654794,0.13738227,0.25024533,0.11073923,0.07468033,0.1102587,0.1036191
105_bat2.png,0.14544499,0.12408888,0.1694721,0.16242063,0.17554247,0.15258777,0.11372268,-1.1920929e-07,0.1298784,0.17471826,0.17046839,0.1095016,0.13256323,0.14089954,0.12674487,0.09908068,0.12042427,0.16463727,0.13704664,0.21264255,0.13782883,0.15562439,0.1557312,0.20304894,0.13916528,0.1777876,0.13113183,0.16442412,0.22301346,0.22601509,0.11351138,0.11205673,0.14035386,0.14629632,0.1556803,0.1996249,0.11810118,0.11967838,0.114616156,0.1889391,0.23460555,0.14621902,0.11288369,0.1527412,0.14243627
106_bat.png,0.095716596,0.12715441,0.11679399,0.0870356,0.11637002,0.096085906,0.11020923,0.1298784,-2.3841858e-07,0.10613108,0.15357518,0.09591144,0.07521963,0.12026131,0.07188952,0.09137964,0.10542178,0.1035105,0.11852163,0.11468077,0.09390783,0.113580346,0.19574815,0.19343,0.13325936,0.18827897,0.08661044,0.08009732,0.17089272,0.17924976,0.07673156,0.05926621,0.14392483,0.10669285,0.14557004,0.14058465,0.08332473,0.07269919,0.07973564,0.16933441,0.16546875,0.07437557,0.08563566,0.18573016,0.08068442
107_bat.png,0.15825981,0.112659276,0.14790154,0.1561889,0.14509308,0.22204214,0.13150823,0.17471826,0.10613108,0.0,0.14304334,0.13725919,0.11979318,0.14455622,0.12852514,0.16105056,0.1801911,0.13135314,0.13471252,0.16300416,0.14546144,0.18249208,0.1989516,0.15875179,0.15136337,0.17732155,0.1126892,0.18223095,0.13342297,0.23881477,0.12951231,0.12180042,0.17569816,0.18115687,0.14692897,0.13773274,0.12989151,0.09246278,0.17257577,0.19863361,0.14746225,0.086485386,0.13354623,0.17659664,0.1271751
107_bat2.png,0.14694041,0.105183125,0.12060279,0.22778541,0.19500172,0.18069011,0.1310749,0.17046839,0.15357518,0.14304334,-1.1920929e-07,0.14950842,0.12737298,0.20645213,0.14251167,0.15596437,0.13484484,0.19143963,0.13991004,0.17405939,0.13181585,0.18150628,0.11979747,0.18908381,0.10240328,0.21551168,0.13539672,0.18264776,0.22422522,0.17771745,0.18499821,0.14170349,0.12348026,0.19918585,0.15142912,0.20769721,0.1486839,0.12525249,0.15588528,0.15869164,0.2593317,0.1482994,0.16783029,0.112849176,0.18573737
108_bat.png,0.10227412,0.11029565,0.104284346,0.14188385,0.12701869,0.09241897,0.06437105,0.1095016,0.09591144,0.13725919,0.14950842,1.7881393e-07,0.09652996,0.14025539,0.101694345,0.07474196,0.108909726,0.17723233,0.11237967,0.17824554,0.085116744,0.105463326,0.15143514,0.21050537,0.10146463,0.18317574,0.11501622,0.1033563,0.24401993,0.17331296,0.13130593,0.09235573,0.111515045,0.14336932,0.12659097,0.20735514,0.07127738,0.0879544,0.094953954,0.15096164,0.2511713,0.11645937,0.07679403,0.1288451,0.08279145
109_bat.png,0.06345725,0.09871948,0.09657657,0.14534855,0.11885595,0.10817933,0.07637966,0.13256323,0.07521963,0.11979318,0.12737298,0.09652996,1.1920929e-07,0.1480639,0.064852476,0.12127292,0.08238906,0.12295115,0.10992789,0.14417267,0.09212273,0.12444091,0.1728741,0.21780598,0.11428404,0.21339911,0.109917164,0.09977847,0.22663873,0.15173149,0.13000357,0.077843666,0.08461189,0.14615834,0.14107043,0.18875861,0.104580104,0.08395183,0.07165623,0.14944708,0.22054517,0.06862855,0.086007714,0.14028072,0.1001668
109_bat2.png,0.12899595,0.17463028,0.16931105,0.10273039,0.16859639,0.16093844,0.16533202,0.14089954,0.12026131,0.14455622,0.20645213,0.14025539,0.1480639,0.0,0.13838482,0.1274246,0.15829998,0.048357844,0.16161388,0.2195971,0.13070422,0.11417091,0.20635033,0.18265039,0.20867074,0.15588552,0.12567097,0.18154824,0.14154112,0.1773544,0.07685101,0.13207912,0.16873133,0.1019963,0.2172538,0.10023081,0.13667059,0.123701036,0.14780557,0.18275762,0.12274712,0.14102036,0.117236614,0.2260192,0.12558389
110_bat.png,0.080468655,0.12854862,0.13155329,0.11460245,0.13851571,0.10528231,0.11161351,0.12674487,0.07188952,0.12852514,0.14251167,0.101694345,0.064852476,0.13838482,2.3841858e-07,0.10406923,0.11147034,0.114016056,0.14075446,0.15692234,0.09910214,0.116405845,0.18339479,0.21439612,0.1218158,0.1957094,0.1197834,0.09006065,0.18688357,0.16289592,0.10800755,0.067634225,0.10984343,0.13265431,0.16424781,0.16054642,0.10507792,0.090489864,0.06459564,0.21197098,0.17449766,0.08682394,0.09287363,0.17488188,0.11329484
111_bat.png,0.120584965,0.12094653,0.12648308,0.14801759,0.12091601,0.10417485,0.10741413,0.09908068,0.09137964,0.16105056,0.15596437,0.07474196,0.12127292,0.1274246,0.10406923,-1.1920929e-07,0.113478065,0.1386013,0.1256336,0.18255264,0.08558643,0.090361595,0.15504283,0.20271069,0.11323857,0.1538884,0.09818339,0.10324323,0.20343757,0.1886614,0.10892624,0.08620989,0.11844349,0.11891782,0.14419097,0.17658591,0.10654068,0.097777724,0.08118904,0.1656425,0.21395475,0.11679995,0.100333214,0.12738359,0.11702156
112_bat.png,0.09162104,0.1202265,0.10151684,0.17366958,0.15425467,0.10632062,0.10363424,0.12042427,0.10542178,0.1801911,0.13484484,0.108909726,0.08238906,0.15829998,0.11147034,0.113478065,-2.3841858e-07,0.15011871,0.116996825,0.16932929,0.12260425,0.1552797,0.14452696,0.21605003,0.12529767,0.24021661,0.11206365,0.11887032,0.27023768,0.118695736,0.116876364,0.06501222,0.11334187,0.123881936,0.14940137,0.230892,0.09859806,0.09476125,0.06722921,0.15951544,0.28149903,0.11618936,0.10797393,0.14841193,0.1306324
112_bat2.png,0.113209724,0.18402588,0.17153203,0.102849364,0.15749037,0.1544419,0.17113853,0.16463727,0.1035105,0.13135314,0.19143963,0.17723233,0.12295115,0.048357844,0.114016056,0.1386013,0.15011871,0.0,0.16225147,0.18348134,0.14507186,0.12071586,0.23432827,0.20299143,0.19469708,0.1806066,0.13550478,0.15235615,0.14817315,0.16924948,0.0809325,0.13024294,0.15237987,0.111485004,0.21850568,0.11170447,0.15825415,0.123574734,0.12940884,0.21785557,0.12491,0.121976316,0.13005865,0.23418999,0.12805104
113_bat.png,0.118502736,0.090275526,0.16402912,0.1871177,0.13519508,0.14657581,0.12455034,0.13704664,0.11852163,0.13471252,0.13991004,0.11237967,0.10992789,0.16161388,0.14075446,0.1256336,0.116996825,0.16225147,5.9604645e-08,0.2223041,0.08963716,0.1420067,0.12293595,0.1384865,0.12037462,0.15655577,0.120079875,0.15141052,0.16916078,0.15407896,0.13516587,0.12621081,0.1231333,0.19246203,0.10048807,0.16885722,0.11758232,0.07657802,0.11639035,0.103012085,0.20751679,0.13158637,0.15021777,0.12665164,0.117937446
114_bat.png,0.16992313,0.17723626,0.08366758,0.1778338,0.13928562,0.15317857,0.14907992,0.21264255,0.11468077,0.16300416,0.17405939,0.17824554,0.14417267,0.2195971,0.15692234,0.18255264,0.16932929,0.18348134,0.2223041,-1.1920929e-07,0.19322145,0.16310751,0.2438575,0.31808424,0.19506091,0.2719615,0.15437484,0.13652414,0.29184723,0.23911381,0.1886301,0.14095575,0.16778874,0.12658519,0.24639654,0.25559932,0.16560853,0.14739478,0.14746511,0.23070407,0.2738806,0.11243588,0.15836573,0.23329848,0.16100764
115_bat1.png,0.10041118,0.10291165,0.1396665,0.1467843,0.1348573,0.1064415,0.10988748,0.13782883,0.09390783,0.14546144,0.13181585,0.085116744,0.09212273,0.13070422,0.09910214,0.08558643,0.12260425,0.14507186,0.08963716,0.19322145,0.0,0.09858835,0.1543237,0.16970354,0.109400034,0.15638608,0.10379821,0.11599004,0.19186139,0.16838348,0.11917603,0.091965795,0.11548805,0.14293373,0.12823033,0.15984732,0.101489365,0.095964074,0.09800583,0.13643587,0.19640428,0.11347419,0.11452395,0.11608684,0.10770333
115_bat2.png,0.1065678,0.17502981,0.1344418,0.13442951,0.11383885,0.08214742,0.13637447,0.15562439,0.113580346,0.18249208,0.18150628,0.105463326,0.12444091,0.11417091,0.116405845,0.090361595,0.1552797,0.12071586,0.1420067,0.16310751,0.09858835,2.3841858e-07,0.21075815,0.22846752,0.16833282,0.16298878,0.13745803,0.08735049,0.21094668,0.16688478,0.14220834,0.122980475,0.11296189,0.12246907,0.18274206,0.16973174,0.1177361,0.1235944,0.08736634,0.16372818,0.20998538,0.13465089,0.12228227,0.19077432,0.10497081
116_bat1.png,0.1855402,0.11779916,0.16883731,0.26867753,0.22695416,0.20908296,0.13763517,0.1557312,0.19574815,0.1989516,0.11979747,0.15143514,0.1728741,0.20635033,0.18339479,0.15504283,0.14452696,0.23432827,0.12293595,0.2438575,0.1543237,0.21075815,-2.3841858e-07,0.18773067,0.13083887,0.18884063,0.18339115,0.2252841,0.24978185,0.1828922,0.19695824,0.16186947,0.1593607,0.22880238,0.16552198,0.22473043,0.16327965,0.14290321,0.17186278,0.14980042,0.2690208,0.20073098,0.17318535,0.11290461,0.20187217
116_bat2.png,0.23145318,0.13424045,0.261963,0.26389694,0.2787497,0.25899303,0.22904742,0.20304894,0.19343,0.15875179,0.18908381,0.21050537,0.21780598,0.18265039,0.21439612,0.20271069,0.21605003,0.20299143,0.1384865,0.31808424,0.16970354,0.22846752,0.18773067,2.3841858e-07,0.18522954,0.16524422,0.18456912,0.2607022,0.15198773,0.23897004,0.18744946,0.1850245,0.25144,0.25726825,0.118237555,0.14623195,0.1804955,0.18172878,0.23754245,0.20578009,0.19079429,0.22192115,0.23784858,0.18175161,0.2226103
117_bat1.png,0.12862223,0.093803644,0.13703322,0.2032808,0.15544903,0.14521825,0.11057055,0.13916528,0.13325936,0.15136337,0.10240328,0.10146463,0.11428404,0.20867074,0.1218158,0.11323857,0.12529767,0.19469708,0.12037462,0.19506091,0.109400034,0.16833282,0.13083887,0.18522954,-2.3841858e-07,0.14162225,0.12355292,0.12970984,0.23614013,0.18993181,0.15948534,0.119686484,0.13027138,0.20349729,0.12019718,0.20922434,0.14310932,0.1172384,0.12328333,0.17570192,0.25719404,0.11511135,0.1362549,0.100866914,0.16489929
117_bat2.png,0.1847918,0.18136615,0.24543935,0.20170665,0.17643934,0.2403202,0.206056,0.1777876,0.18827897,0.17732155,0.21551168,0.18317574,0.21339911,0.15588552,0.1957094,0.1538884,0.24021661,0.1806066,0.15655577,0.2719615,0.15638608,0.16298878,0.18884063,0.16524422,0.14162225,-1.1920929e-07,0.16680247,0.215989,0.14409918,0.24241233,0.17433333,0.19688296,0.2243169,0.23071611,0.21537495,0.12959617,0.20864153,0.17235136,0.21129638,0.16819155,0.1644938,0.19011593,0.19258738,0.20060712,0.21649724
118_bat.png,0.12129742,0.09958029,0.11297268,0.13098681,0.12550664,0.1392777,0.12796623,0.13113183,0.08661044,0.1126892,0.13539672,0.11501622,0.109917164,0.12567097,0.1197834,0.09818339,0.11206365,0.13550478,0.120079875,0.15437484,0.10379821,0.13745803,0.18339115,0.18456912,0.12355292,0.16680247,-2.3841858e-07,0.14368278,0.15956879,0.17410582,0.08696318,0.08852351,0.14144701,0.0985772,0.1534279,0.12945747,0.12274742,0.06479585,0.11863494,0.151968,0.18168777,0.07753998,0.1182673,0.15442586,0.12810373
119_bat.png,0.10403597,0.1783576,0.12536615,0.1209631,0.09645069,0.076428175,0.119274616,0.16442412,0.08009732,0.18223095,0.18264776,0.1033563,0.09977847,0.18154824,0.09006065,0.10324323,0.11887032,0.15235615,0.15141052,0.13652414,0.11599004,0.08735049,0.2252841,0.2607022,0.12970984,0.215989,0.14368278,-1.1920929e-07,0.2674119,0.20236504,0.14054757,0.08516121,0.13247442,0.1305908,0.18897349,0.23564899,0.10816312,0.11112714,0.06622088,0.19299334,0.26559085,0.102541685,0.09592044,0.19320357,0.08728778
120_bat1.png,0.2333628,0.17424,0.27352822,0.18552881,0.22797841,0.28973716,0.25390434,0.22301346,0.17089272,0.13342297,0.22422522,0.24401993,0.22663873,0.14154112,0.18688357,0.20343757,0.27023768,0.14817315,0.16916078,0.29184723,0.19186139,0.21094668,0.24978185,0.15198773,0.23614013,0.14409918,0.15956879,0.2674119,5.9604645e-08,0.2792042,0.16134506,0.20525718,0.2595271,0.21917331,0.2181986,0.050134182,0.22440791,0.15184283,0.25066507,0.23026776,0.061844885,0.17824244,0.23283643,0.24731863,0.22062093
120_bat2.png,0.09826827,0.19101262,0.16856015,0.23030186,0.21427286,0.16683471,0.17226982,0.22601509,0.17924976,0.23881477,0.17771745,0.17331296,0.15173149,0.1773544,0.16289592,0.1886614,0.118695736,0.16924948,0.15407896,0.23911381,0.16838348,0.16688478,0.1828922,0.23897004,0.18993181,0.24241233,0.17410582,0.20236504,0.2792042,-1.1920929e-07,0.16515195,0.16223878,0.16998148,0.21046978,0.22208673,0.22945237,0.19262373,0.15086645,0.12722266,0.17297006,0.2906446,0.19457746,0.18099582,0.23198664,0.21694982
121_bat1.png,0.09373683,0.1604039,0.16594195,0.07810849,0.14335537,0.14098346,0.14962316,0.11351138,0.07673156,0.12951231,0.18499821,0.13130593,0.13000357,0.07685101,0.10800755,0.10892624,0.116876364,0.0809325,0.13516587,0.1886301,0.11917603,0.14220834,0.19695824,0.18744946,0.15948534,0.17433333,0.08696318,0.14054757,0.16134506,0.16515195,2.9802322e-07,0.085511446,0.17777789,0.08844262,0.1726023,0.13391864,0.12743765,0.10689348,0.10667086,0.20275152,0.16129845,0.10566819,0.09205806,0.21402156,0.116570234
121_bat2.png,0.11116421,0.105401516,0.11294544,0.12432313,0.13325858,0.09676468,0.0976696,0.11205673,0.05926621,0.12180042,0.14170349,0.09235573,0.077843666,0.13207912,0.067634225,0.08620989,0.06501222,0.13024294,0.12621081,0.14095575,0.091965795,0.122980475,0.16186947,0.1850245,0.119686484,0.19688296,0.08852351,0.08516121,0.20525718,0.16223878,0.085511446,0.0,0.124174654,0.09716195,0.13889712,0.16389287,0.07048941,0.07892251,0.056928873,0.18116176,0.19893318,0.08824003,0.067171216,0.15465176,0.09303224
122_bat1.png,0.10769224,0.11261761,0.09938991,0.19459069,0.12919855,0.115703225,0.08808172,0.14035386,0.14392483,0.17569816,0.12348026,0.111515045,0.08461189,0.16873133,0.10984343,0.11844349,0.11334187,0.15237987,0.1231333,0.16778874,0.11548805,0.11296189,0.1593607,0.25144,0.13027138,0.2243169,0.14144701,0.13247442,0.2595271,0.16998148,0.17777789,0.124174654,-2.3841858e-07,0.16650629,0.17578417,0.23089904,0.1285649,0.107265234,0.084317744,0.17265451,0.2549634,0.12531835,0.13205457,0.11296928,0.1321255
122_bat2.png,0.13866234,0.18088156,0.13521945,0.10560906,0.13499522,0.09730166,0.1734299,0.14629632,0.10669285,0.18115687,0.19918585,0.14336932,0.14615834,0.1019963,0.13265431,0.11891782,0.123881936,0.111485004,0.19246203,0.12658519,0.14293373,0.12246907,0.22880238,0.25726825,0.20349729,0.23071611,0.0985772,0.1305908,0.21917331,0.21046978,0.08844262,0.09716195,0.16650629,-4.7683716e-07,0.21703672,0.17616284,0.13784039,0.12930697,0.113137126,0.23569179,0.2049588,0.115612686,0.113419116,0.23156834,0.12186295
123_bat1.png,0.18030262,0.097596526,0.18002105,0.24568969,0.20688993,0.1689418,0.14646578,0.1556803,0.14557004,0.14692897,0.15142912,0.12659097,0.14107043,0.2172538,0.16424781,0.14419097,0.14940137,0.21850568,0.10048807,0.24639654,0.12823033,0.18274206,0.16552198,0.118237555,0.12019718,0.21537495,0.1534279,0.18897349,0.2181986,0.22208673,0.1726023,0.13889712,0.17578417,0.21703672,-2.3841858e-07,0.19733125,0.12672329,0.15592098,0.16157997,0.19212508,0.23606718,0.16413087,0.17277473,0.12916696,0.15024137
123_bat2.png,0.20196998,0.15322912,0.2323525,0.16061646,0.21054107,0.24355716,0.21354342,0.1996249,0.14058465,0.13773274,0.20769721,0.20735514,0.18875861,0.10023081,0.16054642,0.17658591,0.230892,0.11170447,0.16885722,0.25559932,0.15984732,0.16973174,0.22473043,0.14623195,0.20922434,0.12959617,0.12945747,0.23564899,0.050134182,0.22945237,0.13391864,0.16389287,0.23089904,0.17616284,0.19733125,-1.1920929e-07,0.19589639,0.14203382,0.21356404,0.20104885,0.045090735,0.15382725,0.18738723,0.24125755,0.18802917
124_bat.png,0.13000286,0.1166023,0.10765529,0.14362556,0.15050137,0.11787331,0.0855304,0.11810118,0.08332473,0.12989151,0.1486839,0.07127738,0.104580104,0.13667059,0.10507792,0.10654068,0.09859806,0.15825415,0.11758232,0.16560853,0.101489365,0.1177361,0.16327965,0.1804955,0.14310932,0.20864153,0.12274742,0.10816312,0.22440791,0.19262373,0.12743765,0.07048941,0.1285649,0.13784039,0.12672329,0.19589639,-1.1920929e-07,0.081311524,0.09742057,0.16203308,0.23580706,0.12985551,0.10207683,0.14237487,0.08255297
126_bat.png,0.10115671,0.08479673,0.097702324,0.124955654,0.102627635,0.13628,0.091314554,0.11967838,0.07269919,0.09246278,0.12525249,0.0879544,0.08395183,0.123701036,0.090489864,0.097777724,0.09476125,0.123574734,0.07657802,0.14739478,0.095964074,0.1235944,0.14290321,0.18172878,0.1172384,0.17235136,0.06479585,0.11112714,0.15184283,0.15086645,0.10689348,0.07892251,0.107265234,0.12930697,0.15592098,0.14203382,0.081311524,0.0,0.09038758,0.13118392,0.17259216,0.07356,0.10209203,0.13835275,0.10091126
127_bat.png,0.07126796,0.13600934,0.11146736,0.132326,0.09832442,0.07338071,0.099654794,0.114616156,0.07973564,0.17257577,0.15588528,0.094953954,0.07165623,0.14780557,0.06459564,0.08118904,0.06722921,0.12940884,0.11639035,0.14746511,0.09800583,0.08736634,0.17186278,0.23754245,0.12328333,0.21129638,0.11863494,0.06622088,0.25066507,0.12722266,0.10667086,0.056928873,0.084317744,0.113137126,0.16157997,0.21356404,0.09742057,0.09038758,-1.1920929e-07,0.17499042,0.2503069,0.09077084,0.0862993,0.16155374,0.10726428
128_bat1.png,0.16435486,0.14050537,0.15397215,0.25704992,0.17470986,0.20072544,0.13738227,0.1889391,0.16933441,0.19863361,0.15869164,0.15096164,0.14944708,0.18275762,0.21197098,0.1656425,0.15951544,0.21785557,0.103012085,0.23070407,0.13643587,0.16372818,0.14980042,0.20578009,0.17570192,0.16819155,0.151968,0.19299334,0.23026776,0.17297006,0.20275152,0.18116176,0.17265451,0.23569179,0.19212508,0.20104885,0.16203308,0.13118392,0.17499042,2.9802322e-07,0.27687114,0.18806082,0.1667614,0.16043663,0.17406404
128_bat2.png,0.23167998,0.19761908,0.27369606,0.17820406,0.21539831,0.27361047,0.25024533,0.23460555,0.16546875,0.14746225,0.2593317,0.2511713,0.22054517,0.12274712,0.17449766,0.21395475,0.28149903,0.12491,0.20751679,0.2738806,0.19640428,0.20998538,0.2690208,0.19079429,0.25719404,0.1644938,0.18168777,0.26559085,0.061844885,0.2906446,0.16129845,0.19893318,0.2549634,0.2049588,0.23606718,0.045090735,0.23580706,0.17259216,0.2503069,0.27687114,-2.3841858e-07,0.17610604,0.21117508,0.28523493,0.2021203
129_bat.png,0.095089436,0.11339724,0.09217316,0.099663496,0.08014232,0.1342876,0.11073923,0.14621902,0.07437557,0.086485386,0.1482994,0.11645937,0.06862855,0.14102036,0.08682394,0.11679995,0.11618936,0.121976316,0.13158637,0.11243588,0.11347419,0.13465089,0.20073098,0.22192115,0.11511135,0.19011593,0.07753998,0.102541685,0.17824244,0.19457746,0.10566819,0.08824003,0.12531835,0.115612686,0.16413087,0.15382725,0.12985551,0.07356,0.09077084,0.18806082,0.17610604,0.0,0.089499295,0.1720258,0.117025375
130_bat.png,0.09165323,0.14011759,0.121782064,0.121917844,0.094787896,0.10354638,0.07468033,0.11288369,0.08563566,0.13354623,0.16783029,0.07679403,0.086007714,0.117236614,0.09287363,0.100333214,0.10797393,0.13005865,0.15021777,0.15836573,0.11452395,0.12228227,0.17318535,0.23784858,0.1362549,0.19258738,0.1182673,0.09592044,0.23283643,0.18099582,0.09205806,0.067171216,0.13205457,0.113419116,0.17277473,0.18738723,0.10207683,0.10209203,0.0862993,0.1667614,0.21117508,0.089499295,-2.3841858e-07,0.17681688,0.08577728
132_bat.png,0.18415213,0.080244064,0.14275235,0.26561528,0.21630359,0.18850207,0.1102587,0.1527412,0.18573016,0.17659664,0.112849176,0.1288451,0.14028072,0.2260192,0.17488188,0.12738359,0.14841193,0.23418999,0.12665164,0.23329848,0.11608684,0.19077432,0.11290461,0.18175161,0.100866914,0.20060712,0.15442586,0.19320357,0.24731863,0.23198664,0.21402156,0.15465176,0.11296928,0.23156834,0.12916696,0.24125755,0.14237487,0.13835275,0.16155374,0.16043663,0.28523493,0.1720258,0.17681688,1.1920929e-07,0.17736256
133_bat.png,0.11123574,0.14700598,0.13470638,0.11885291,0.12812698,0.107866704,0.1036191,0.14243615,0.08068448,0.12717515,0.18573761,0.082791686,0.1001668,0.12558359,0.11329484,0.11702138,0.13063246,0.1280511,0.117937505,0.16100758,0.10770345,0.104970515,0.20187229,0.22261035,0.16489935,0.2164973,0.12810373,0.08728784,0.22062111,0.21694958,0.11657059,0.09303224,0.13212562,0.12186289,0.15024137,0.18802899,0.08255303,0.1009115,0.10726422,0.17406386,0.20212048,0.11702514,0.0857774,0.17736256,5.9604645e-08
