,101_kit.png,102_kit.png,103_kit.png,104_kit.png,105_kit.png,106_kit.png,107_kit.png,108_kit.png,109_kit.png,110_kit.png,111_kit1.png,111_kit2.png,112_kit.png,113_kit.png,114_kit.png,115_kit.png,116_kit.png,117_kit.png,118_kit.png,119_kit.png,120_kit.png,121_kit.png,122_kit.png,123_kit.png,123_kit2.png,124_kit.png,126_kit.png,127_kit1.png,127_kit2.png,128_kit.png,129_kit.png,130_kit.png,132_kit.png,133_kit.png
101_kit.png,-1.1920929e-07,0.119372666,0.0963915,0.133115,0.11361027,0.11303049,0.109265625,0.14539826,0.09369975,0.10282719,0.12849635,0.14645618,0.089303136,0.14891928,0.11968309,0.097925484,0.103963256,0.14996016,0.11824697,0.12428343,0.12182677,0.097317636,0.11818147,0.12678462,0.083660245,0.13879997,0.15647215,0.118444204,0.08626449,0.13066089,0.1232456,0.13379586,0.090185404,0.113981724
102_kit.png,0.119372666,-1.1920929e-07,0.102636814,0.0997628,0.084980845,0.14319813,0.11637342,0.14337641,0.09611821,0.1338743,0.06760132,0.13743067,0.11330211,0.09727484,0.11500895,0.12893301,0.1331414,0.12724876,0.13119256,0.11856246,0.1645484,0.12280172,0.08321828,0.072294116,0.082172036,0.14879239,0.13043576,0.086906075,0.11757684,0.14908165,0.12810397,0.12967455,0.11277312,0.044121265
103_kit.png,0.0963915,0.102636814,0.0,0.12317377,0.12136459,0.089846194,0.11017746,0.13695759,0.10875052,0.1062994,0.103696585,0.13318145,0.11696732,0.14092243,0.09199005,0.10399914,0.09145689,0.12338853,0.11801165,0.13721061,0.10025209,0.09113312,0.10677683,0.104675055,0.08095461,0.14302039,0.1196906,0.07908118,0.091178775,0.15399504,0.15656716,0.10654789,0.12400192,0.092821
104_kit.png,0.133115,0.0997628,0.12317377,5.9604645e-08,0.14772636,0.13096553,0.13430768,0.09679854,0.123286486,0.17748398,0.11159724,0.109978735,0.13498926,0.10255259,0.08860278,0.07745075,0.13102919,0.13366568,0.17097634,0.10671288,0.16537845,0.11442,0.11743605,0.06854552,0.10243267,0.14485276,0.13590181,0.09383559,0.116723835,0.14402103,0.15332395,0.1277268,0.12499213,0.099597156
105_kit.png,0.11361027,0.084980845,0.12136459,0.14772636,0.0,0.15339208,0.12482792,0.14922982,0.10304296,0.13465047,0.09605771,0.1395002,0.1053471,0.11347574,0.11621326,0.11567676,0.1311996,0.12615502,0.130669,0.11493194,0.14031297,0.11895293,0.11749637,0.104267836,0.104120135,0.15314591,0.13295579,0.09987903,0.10192567,0.15524101,0.1113739,0.1417194,0.12806427,0.106006086
106_kit.png,0.11303049,0.14319813,0.089846194,0.13096553,0.15339208,-1.1920929e-07,0.1404739,0.154742,0.11986101,0.101766944,0.1332627,0.13219452,0.13063896,0.17424774,0.12951285,0.11285353,0.11414057,0.12590039,0.09837997,0.14447975,0.13804269,0.08169836,0.096870184,0.14325166,0.10585052,0.14514542,0.16748518,0.10568857,0.10574782,0.17226398,0.1650331,0.09392774,0.14539433,0.12366092
107_kit.png,0.109265625,0.11637342,0.11017746,0.13430768,0.12482792,0.1404739,-2.3841858e-07,0.12616205,0.10736638,0.09907913,0.115149856,0.13521624,0.109410286,0.122860074,0.117831886,0.11584163,0.08578837,0.1462912,0.13099962,0.11877239,0.12562984,0.10801643,0.11325961,0.09995431,0.100042224,0.12585574,0.12686157,0.11681324,0.102371216,0.1121698,0.112906575,0.14020461,0.12477571,0.115795314
108_kit.png,0.14539826,0.14337641,0.13695759,0.09679854,0.14922982,0.154742,0.12616205,0.0,0.13360113,0.15109414,0.1307863,0.0980733,0.1362508,0.092291355,0.06305224,0.09759015,0.14399856,0.14492446,0.18151653,0.08678728,0.15718526,0.14729357,0.12318957,0.1255191,0.11282766,0.10828936,0.13032496,0.11195266,0.104797244,0.15043414,0.14180732,0.1508584,0.14785135,0.14633167
109_kit.png,0.09369975,0.09611821,0.10875052,0.123286486,0.10304296,0.11986101,0.10736638,0.13360113,1.1920929e-07,0.12073612,0.13454497,0.12135607,0.07381189,0.10095215,0.09181613,0.09882748,0.11821008,0.110738635,0.13364464,0.13806301,0.0984233,0.08002913,0.10016495,0.116773665,0.09080392,0.1318857,0.14168751,0.089868665,0.093346715,0.13148832,0.109282136,0.1106931,0.09554976,0.11730623
110_kit.png,0.10282719,0.1338743,0.1062994,0.17748398,0.13465047,0.101766944,0.09907913,0.15109414,0.12073612,-1.1920929e-07,0.11677539,0.14185321,0.13271701,0.14163983,0.15832603,0.1327275,0.124646306,0.10850072,0.07804692,0.148467,0.13419378,0.106390595,0.10409069,0.1485591,0.12171364,0.14803559,0.14160258,0.12850463,0.107510805,0.14799356,0.118068755,0.1091733,0.13686186,0.13032663
111_kit1.png,0.12849635,0.06760132,0.103696585,0.11159724,0.09605771,0.1332627,0.115149856,0.1307863,0.13454497,0.11677539,-2.3841858e-07,0.09893924,0.14164603,0.100010216,0.12235165,0.12769759,0.13665009,0.122832,0.12635958,0.10780305,0.1734674,0.124878526,0.083906114,0.08587861,0.08070296,0.1423676,0.11817324,0.08050114,0.09913099,0.15088975,0.11963105,0.12493664,0.12530321,0.06812322
111_kit2.png,0.14645618,0.13743067,0.13318145,0.109978735,0.1395002,0.13219452,0.13521624,0.0980733,0.12135607,0.14185321,0.09893924,5.9604645e-08,0.14944524,0.11148667,0.111931324,0.115867734,0.1551485,0.12545079,0.16726983,0.12975109,0.19137871,0.1502909,0.09481782,0.118833184,0.11305624,0.15428346,0.14424318,0.10440135,0.07894683,0.16324872,0.15616822,0.15384889,0.14925271,0.14707124
112_kit.png,0.089303136,0.11330211,0.11696732,0.13498926,0.1053471,0.13063896,0.109410286,0.1362508,0.07381189,0.13271701,0.14164603,0.14944524,0.0,0.1422298,0.09143633,0.0919714,0.0931918,0.14135695,0.15880197,0.103364706,0.09758711,0.08531654,0.1030643,0.12634236,0.09106499,0.1311413,0.13849068,0.11129302,0.09951317,0.117831886,0.12643957,0.13651037,0.096093714,0.1040144
113_kit.png,0.14891928,0.09727484,0.14092243,0.10255259,0.11347574,0.17424774,0.122860074,0.092291355,0.10095215,0.14163983,0.100010216,0.11148667,0.1422298,5.9604645e-08,0.0885914,0.11669934,0.16318125,0.09713149,0.14521426,0.11492789,0.14079434,0.13216871,0.11904323,0.087628186,0.118122995,0.15316308,0.113429785,0.10195464,0.11113477,0.1364916,0.12685645,0.13489676,0.11451912,0.11576754
114_kit.png,0.11968309,0.11500895,0.09199005,0.08860278,0.11621326,0.12951285,0.117831886,0.06305224,0.09181613,0.15832603,0.12235165,0.111931324,0.09143633,0.0885914,1.7881393e-07,0.068041444,0.1058926,0.12535512,0.15128559,0.09293926,0.09840208,0.10329962,0.11393881,0.11362934,0.105846584,0.11098403,0.10907292,0.08101398,0.08783585,0.14703274,0.1270876,0.11949617,0.11514461,0.11384761
115_kit.png,0.097925484,0.12893301,0.10399914,0.07745075,0.11567676,0.11285353,0.11584163,0.09759015,0.09882748,0.1327275,0.12769759,0.115867734,0.0919714,0.11669934,0.068041444,-1.1920929e-07,0.09102011,0.1359173,0.14544737,0.080099285,0.10900521,0.08966869,0.10318196,0.10825455,0.09758824,0.14995396,0.11516929,0.10106146,0.09349114,0.11624426,0.13335729,0.11966312,0.10730207,0.13483971
116_kit.png,0.103963256,0.1331414,0.09145689,0.13102919,0.1311996,0.11414057,0.08578837,0.14399856,0.11821008,0.124646306,0.13665009,0.1551485,0.0931918,0.16318125,0.1058926,0.09102011,0.0,0.13558304,0.118023634,0.11772776,0.105787635,0.10555214,0.13036036,0.12441707,0.09764993,0.1532073,0.110039115,0.13197887,0.11751461,0.10368407,0.14978212,0.12008184,0.12698066,0.13560581
117_kit.png,0.14996016,0.12724876,0.12338853,0.13366568,0.12615502,0.12590039,0.1462912,0.14492446,0.110738635,0.10850072,0.122832,0.12545079,0.14135695,0.09713149,0.12535512,0.1359173,0.13558304,0.0,0.105905,0.14548147,0.11804485,0.13068914,0.11803472,0.11310506,0.12189859,0.16249824,0.16248304,0.117215514,0.11979115,0.13431764,0.14365327,0.1316936,0.13761055,0.13067639
118_kit.png,0.11824697,0.13119256,0.11801165,0.17097634,0.130669,0.09837997,0.13099962,0.18151653,0.13364464,0.07804692,0.12635958,0.16726983,0.15880197,0.14521426,0.15128559,0.14544737,0.118023634,0.105905,0.0,0.15780425,0.14277732,0.1170876,0.12219703,0.14379,0.11964756,0.15316117,0.15822548,0.13685727,0.13214773,0.17276156,0.16094947,0.11187452,0.16048473,0.13551682
119_kit.png,0.12428343,0.11856246,0.13721061,0.10671288,0.11493194,0.14447975,0.11877239,0.08678728,0.13806301,0.148467,0.10780305,0.12975109,0.103364706,0.11492789,0.09293926,0.080099285,0.11772776,0.14548147,0.15780425,-1.1920929e-07,0.15100908,0.122436225,0.10531485,0.11662531,0.09786743,0.14741689,0.12143624,0.109063864,0.09647697,0.13172692,0.12202865,0.1390189,0.11538625,0.11530942
120_kit.png,0.12182677,0.1645484,0.10025209,0.16537845,0.14031297,0.13804269,0.12562984,0.15718526,0.0984233,0.13419378,0.1734674,0.19137871,0.09758711,0.14079434,0.09840208,0.10900521,0.105787635,0.11804485,0.14277732,0.15100908,5.9604645e-08,0.0679543,0.1371488,0.1431067,0.13176155,0.1375162,0.13402128,0.1239028,0.111273766,0.11680484,0.15056396,0.106919885,0.111454606,0.147609
121_kit.png,0.097317636,0.12280172,0.09113312,0.11442,0.11895293,0.08169836,0.10801643,0.14729357,0.08002913,0.106390595,0.124878526,0.1502909,0.08531654,0.13216871,0.10329962,0.08966869,0.10555214,0.13068914,0.1170876,0.122436225,0.0679543,1.7881393e-07,0.094555974,0.123162985,0.09645891,0.11411035,0.102155864,0.084703445,0.08166957,0.11795461,0.10975623,0.07578111,0.0947274,0.098680675
122_kit.png,0.11818147,0.08321828,0.10677683,0.11743605,0.11749637,0.096870184,0.11325961,0.12318957,0.10016495,0.10409069,0.083906114,0.09481782,0.1030643,0.11904323,0.11393881,0.10318196,0.13036036,0.11803472,0.12219703,0.10531485,0.1371488,0.094555974,0.0,0.1099534,0.09010297,0.12892151,0.11883223,0.07888472,0.068436086,0.13968503,0.12093359,0.11811614,0.11052477,0.087040186
123_kit.png,0.12678462,0.072294116,0.104675055,0.06854552,0.104267836,0.14325166,0.09995431,0.1255191,0.116773665,0.1485591,0.08587861,0.118833184,0.12634236,0.087628186,0.11362934,0.10825455,0.12441707,0.11310506,0.14379,0.11662531,0.1431067,0.123162985,0.1099534,-2.3841858e-07,0.09652001,0.1697362,0.12993169,0.10916042,0.118391156,0.12676632,0.1342113,0.11620402,0.13907665,0.085764766
123_kit2.png,0.083660245,0.082172036,0.08095461,0.10243267,0.104120135,0.10585052,0.100042224,0.11282766,0.09080392,0.12171364,0.08070296,0.11305624,0.09106499,0.118122995,0.105846584,0.09758824,0.09764993,0.12189859,0.11964756,0.09786743,0.13176155,0.09645891,0.09010297,0.09652001,0.0,0.10779953,0.1250081,0.08456999,0.09243858,0.11836016,0.12241167,0.12443423,0.08550584,0.0875054
124_kit.png,0.13879997,0.14879239,0.14302039,0.14485276,0.15314591,0.14514542,0.12585574,0.10828936,0.1318857,0.14803559,0.1423676,0.15428346,0.1311413,0.15316308,0.11098403,0.14995396,0.1532073,0.16249824,0.15316117,0.14741689,0.1375162,0.11411035,0.12892151,0.1697362,0.10779953,0.0,0.14928412,0.11455333,0.10761428,0.16147679,0.1376546,0.14840925,0.16598302,0.124952674
126_kit.png,0.15647215,0.13043576,0.1196906,0.13590181,0.13295579,0.16748518,0.12686157,0.13032496,0.14168751,0.14160258,0.11817324,0.14424318,0.13849068,0.113429785,0.10907292,0.11516929,0.110039115,0.16248304,0.15822548,0.12143624,0.13402128,0.102155864,0.11883223,0.12993169,0.1250081,0.14928412,5.9604645e-08,0.116258085,0.122012794,0.13669562,0.15098828,0.10998863,0.13690686,0.13216376
127_kit1.png,0.118444204,0.086906075,0.07908118,0.09383559,0.09987903,0.10568857,0.11681324,0.11195266,0.089868665,0.12850463,0.08050114,0.10440135,0.11129302,0.10195464,0.08101398,0.10106146,0.13197887,0.117215514,0.13685727,0.109063864,0.1239028,0.084703445,0.07888472,0.10916042,0.08456999,0.11455333,0.116258085,0.0,0.06663495,0.17206037,0.10448408,0.1219058,0.111112654,0.0752877
127_kit2.png,0.08626449,0.11757684,0.091178775,0.116723835,0.10192567,0.10574782,0.102371216,0.104797244,0.093346715,0.107510805,0.09913099,0.07894683,0.09951317,0.11113477,0.08783585,0.09349114,0.11751461,0.11979115,0.13214773,0.09647697,0.111273766,0.08166957,0.068436086,0.118391156,0.09243858,0.10761428,0.122012794,0.06663495,-2.3841858e-07,0.13736165,0.092080295,0.12082183,0.10596967,0.09585649
128_kit.png,0.13066089,0.14908165,0.15399504,0.14402103,0.15524101,0.17226398,0.1121698,0.15043414,0.13148832,0.14799356,0.15088975,0.16324872,0.117831886,0.1364916,0.14703274,0.11624426,0.10368407,0.13431764,0.17276156,0.13172692,0.11680484,0.11795461,0.13968503,0.12676632,0.11836016,0.16147679,0.13669562,0.17206037,0.13736165,-1.1920929e-07,0.14145881,0.15020645,0.11576259,0.1550945
129_kit.png,0.1232456,0.12810397,0.15656716,0.15332395,0.1113739,0.1650331,0.112906575,0.14180732,0.109282136,0.118068755,0.11963105,0.15616822,0.12643957,0.12685645,0.1270876,0.13335729,0.14978212,0.14365327,0.16094947,0.12202865,0.15056396,0.10975623,0.12093359,0.1342113,0.12241167,0.1376546,0.15098828,0.10448408,0.092080295,0.14145881,-2.3841858e-07,0.15078735,0.14195108,0.12549442
130_kit.png,0.13379586,0.12967455,0.10654789,0.1277268,0.1417194,0.09392774,0.14020461,0.1508584,0.1106931,0.1091733,0.12493664,0.15384889,0.13651037,0.13489676,0.11949617,0.11966312,0.12008184,0.1316936,0.11187452,0.1390189,0.106919885,0.07578111,0.11811614,0.11620402,0.12443423,0.14840925,0.10998863,0.1219058,0.12082183,0.15020645,0.15078735,1.1920929e-07,0.13076591,0.12962902
132_kit.png,0.090185404,0.11277312,0.12400192,0.12499213,0.12806427,0.14539433,0.12477571,0.14785135,0.09554976,0.13686186,0.12530321,0.14925271,0.096093714,0.11451912,0.11514461,0.10730207,0.12698066,0.13761055,0.16048473,0.11538625,0.111454606,0.0947274,0.11052477,0.13907665,0.08550584,0.16598302,0.13690686,0.111112654,0.10596967,0.11576259,0.14195108,0.13076591,-2.3841858e-07,0.11106372
133_kit.png,0.113981724,0.044121265,0.092821,0.099597156,0.106006145,0.12366098,0.115795314,0.14633173,0.11730623,0.13032663,0.0681231,0.14707124,0.1040144,0.11576754,0.11384761,0.13483965,0.13560575,0.13067639,0.13551682,0.11530936,0.147609,0.098680675,0.087040186,0.085764766,0.08750546,0.124952674,0.13216364,0.0752877,0.09585649,0.1550945,0.12549448,0.12962908,0.11106372,-2.3841858e-07
